student_id,amount,course,ts,date,hour,order_id,n_items_in_order,list_price,price_ratio,discount
437,8950.0,ML про,2026-08-04 09:08:31,2026-08-04,9,24af3ad48236,1,8950.0,1.0,0.0
437,7890.0,Аналитика старт,2026-08-04 09:35:00,2026-08-04,9,5620e9f400b8,1,8950.0,0.8815642458100559,0.11843575418994412
443,8475.0,Линейная алгебра,2026-08-04 10:14:38,2026-08-04,10,cd209f29d81c,2,9950.0,0.8517587939698492,0.14824120603015079
443,8475.0,Мат анализ,2026-08-04 10:14:38,2026-08-04,10,cd209f29d81c,2,9950.0,0.8517587939698492,0.14824120603015079
430,8950.0,К ВУЗу,2026-08-04 13:38:06,2026-08-04,13,5e4a526a09d6,1,6950.0,1.2877697841726619,0.0
480,15695.0,Data Science,2026-08-04 16:17:19,2026-08-04,16,7c4b643abbf1,1,6950.0,1.5,0.0
131,8745.0,Backend старт,2026-08-04 17:05:46,2026-08-04,17,d0e60293ba12,1,8950.0,0.9770949720670391,0.022905027932960897
571,8475.0,ML про,2026-08-04 17:19:52,2026-08-04,17,125a0b0d3417,2,8950.0,0.946927374301676,0.05307262569832405
571,8475.0,ML старт,2026-08-04 17:19:52,2026-08-04,17,125a0b0d3417,2,8950.0,0.946927374301676,0.05307262569832405
159,8475.0,Backend про,2026-08-05 12:56:32,2026-08-05,12,c8346485ed94,2,8950.0,0.946927374301676,0.05307262569832405
159,8475.0,Backend старт,2026-08-05 12:56:32,2026-08-05,12,c8346485ed94,2,8950.0,0.946927374301676,0.05307262569832405
126,8745.0,ML старт,2026-08-05 13:22:41,2026-08-05,13,3fec5fe1f6b2,1,8950.0,0.9770949720670391,0.022905027932960897
225,8745.0,АВ тестам,2026-08-05 14:22:34,2026-08-05,14,8e9ac29d3ef6,1,8191.0,1.0676352093761445,0.0
137,8475.0,Backend старт,2026-08-05 15:01:16,2026-08-05,15,7eb9e076b67e,1,8950.0,0.946927374301676,0.05307262569832405
280,8245.0,ML старт,2026-08-05 16:37:02,2026-08-05,16,d3bdfa161d38,1,8950.0,0.9212290502793297,0.07877094972067034
222,7975.0,Backend про,2026-08-05 18:52:56,2026-08-05,18,f10369fa1eee,2,8950.0,0.8910614525139665,0.10893854748603349
222,7975.0,Backend старт,2026-08-05 18:52:56,2026-08-05,18,f10369fa1eee,2,8950.0,0.8910614525139665,0.10893854748603349
291,9950.0,Линейная алгебра,2026-08-06 10:06:16,2026-08-06,10,61bc64763d78,2,9950.0,1.0,0.0
291,9950.0,Мат анализ,2026-08-06 10:06:16,2026-08-06,10,61bc64763d78,2,9950.0,1.0,0.0
295,6950.0,К ВУЗу,2026-08-06 10:14:55,2026-08-06,10,94f0f69dbdb6,1,6950.0,1.0,0.0
294,9950.0,Линейная алгебра,2026-08-06 10:39:31,2026-08-06,10,19afadbe4c08,1,9950.0,1.0,0.0
325,9950.0,Линейная алгебра,2026-08-06 11:41:17,2026-08-06,11,bb1d088df9fc,1,9950.0,1.0,0.0
166,6950.0,К ВУЗу,2026-08-06 12:15:46,2026-08-06,12,ff7246fe629b,1,6950.0,1.0,0.0
477,500.0,Теория вероятностей,2026-08-06 14:52:49,2026-08-06,14,fe498591d26a,1,9950.0,0.05025125628140704,0.949748743718593
579,8245.0,ML старт,2026-08-06 16:20:47,2026-08-06,16,be6cd02e0aef,1,8950.0,0.9212290502793297,0.07877094972067034
334,9950.0,Линейная алгебра,2026-08-07 11:16:14,2026-08-07,11,3675294bd515,2,9950.0,1.0,0.0
334,9950.0,Мат анализ,2026-08-07 11:16:14,2026-08-07,11,3675294bd515,2,9950.0,1.0,0.0
459,9950.0,Мат анализ,2026-08-07 11:31:08,2026-08-07,11,e2be36a8203f,1,9950.0,1.0,0.0
313,9450.0,Мат анализ,2026-08-07 11:58:49,2026-08-07,11,81a07e4918a8,1,9950.0,0.949748743718593,0.05025125628140703
481,8745.0,ML про,2026-08-07 13:09:54,2026-08-07,13,65317579ce85,1,8950.0,0.9770949720670391,0.022905027932960897
249,6950.0,К ВУЗу,2026-08-07 19:38:55,2026-08-07,19,a81e27b3bedf,1,6950.0,1.0,0.0
259,8745.0,ML про,2026-08-08 07:59:01,2026-08-08,7,d4a91056f6bb,1,8950.0,0.9770949720670391,0.022905027932960897
26,6490.0,Backend старт,2026-08-08 09:23:01,2026-08-08,9,c9308325a432,1,8950.0,0.7251396648044692,0.27486033519553077
183,6490.0,Backend старт,2026-08-08 10:08:11,2026-08-08,10,9402c9ee5c74,1,8950.0,0.7251396648044692,0.27486033519553077
47,4995.0,Алгоритмы старт,2026-08-08 12:24:55,2026-08-08,12,18a1380a2556,2,8950.0,0.5581005586592179,0.4418994413407821
47,4995.0,ML старт,2026-08-08 12:24:55,2026-08-08,12,18a1380a2556,2,8950.0,0.5581005586592179,0.4418994413407821
518,6490.0,Алгоритмы старт,2026-08-08 12:37:37,2026-08-08,12,033cb0a4fdfc,1,8950.0,0.7251396648044692,0.27486033519553077
54,6490.0,Алгоритмы старт,2026-08-08 12:39:51,2026-08-08,12,0385231ffba4,1,8950.0,0.7251396648044692,0.27486033519553077
554,5000.0,ML старт,2026-08-08 12:44:01,2026-08-08,12,13c6dd70bceb,2,8950.0,0.5586592178770949,0.44134078212290506
554,5000.0,Алгоритмы старт,2026-08-08 12:44:01,2026-08-08,12,13c6dd70bceb,2,8950.0,0.5586592178770949,0.44134078212290506
473,10000.0,Алгоритмы,2026-08-08 13:57:16,2026-08-08,13,48cf19cd9b2b,1,9950.0,1.0050251256281406,0.0
308,4950.0,Backend старт,2026-08-08 14:05:17,2026-08-08,14,1006ce3304f0,2,8950.0,0.553072625698324,0.44692737430167595
308,4950.0,Алгоритмы старт,2026-08-08 14:05:17,2026-08-08,14,1006ce3304f0,2,8950.0,0.553072625698324,0.44692737430167595
412,4995.0,ML старт,2026-08-08 14:06:52,2026-08-08,14,661a32ecd125,2,8950.0,0.5581005586592179,0.4418994413407821
412,4995.0,Алгоритмы старт,2026-08-08 14:06:52,2026-08-08,14,661a32ecd125,2,8950.0,0.5581005586592179,0.4418994413407821
7,4950.0,Backend старт,2026-08-08 14:07:56,2026-08-08,14,f7402677e25b,1,8950.0,0.553072625698324,0.44692737430167595
370,6490.0,Backend старт,2026-08-08 14:10:35,2026-08-08,14,795f453d0b2a,1,8950.0,0.7251396648044692,0.27486033519553077
532,4995.0,Аналитика старт,2026-08-08 16:22:47,2026-08-08,16,c2cfe8727caa,2,8950.0,0.5581005586592179,0.4418994413407821
532,4995.0,Аналитика про,2026-08-08 16:22:47,2026-08-08,16,c2cfe8727caa,2,8950.0,0.5581005586592179,0.4418994413407821
451,8245.0,Backend про,2026-08-08 16:24:46,2026-08-08,16,8f93eb0e005e,1,8950.0,0.9212290502793297,0.07877094972067034
265,5990.0,ML старт,2026-08-08 16:25:28,2026-08-08,16,8dfc7d749782,1,8950.0,0.6692737430167598,0.3307262569832402
8,4495.0,АВ тестам,2026-08-08 16:25:39,2026-08-08,16,4031e944c1c1,2,8191.0,0.5487730435844219,0.4512269564155781
8,4495.0,Алгоритмы,2026-08-08 16:25:39,2026-08-08,16,4031e944c1c1,2,9950.0,0.45175879396984925,0.5482412060301507
33,4995.0,Backend старт,2026-08-08 16:26:36,2026-08-08,16,88d23c0b723e,2,8950.0,0.5581005586592179,0.4418994413407821
33,4995.0,Алгоритмы старт,2026-08-08 16:26:36,2026-08-08,16,88d23c0b723e,2,8950.0,0.5581005586592179,0.4418994413407821
512,4995.0,Алгоритмы старт,2026-08-08 16:43:12,2026-08-08,16,fe195e59bf3e,1,8950.0,0.5581005586592179,0.4418994413407821
410,6490.0,Backend старт,2026-08-08 16:51:05,2026-08-08,16,409eb16a2f0a,1,8950.0,0.7251396648044692,0.27486033519553077
516,4950.0,Алгоритмы старт,2026-08-08 16:59:49,2026-08-08,16,ef3f1e206781,2,8950.0,0.553072625698324,0.44692737430167595
516,4950.0,Аналитика старт,2026-08-08 16:59:49,2026-08-08,16,ef3f1e206781,2,8950.0,0.553072625698324,0.44692737430167595
511,4950.0,Аналитика старт,2026-08-08 17:29:42,2026-08-08,17,ed615bfc1551,1,8950.0,0.553072625698324,0.44692737430167595
256,5990.0,ML старт,2026-08-08 17:54:37,2026-08-08,17,738399b6019f,1,8950.0,0.6692737430167598,0.3307262569832402
333,6490.0,Аналитика старт,2026-08-08 18:25:13,2026-08-08,18,cb11286aa4a5,1,8950.0,0.7251396648044692,0.27486033519553077
233,6490.0,Аналитика старт,2026-08-08 18:51:08,2026-08-08,18,a726fceced04,1,8950.0,0.7251396648044692,0.27486033519553077
427,4950.0,ML старт,2026-08-08 19:23:46,2026-08-08,19,e9480bcd4270,2,8950.0,0.553072625698324,0.44692737430167595
427,4950.0,Алгоритмы,2026-08-08 19:23:46,2026-08-08,19,e9480bcd4270,2,9950.0,0.49748743718592964,0.5025125628140703
120,6490.0,Аналитика старт,2026-08-08 19:28:26,2026-08-08,19,e2e60cbd1a4c,1,8950.0,0.7251396648044692,0.27486033519553077
469,4950.0,Алгоритмы,2026-08-08 19:45:24,2026-08-08,19,cd246bc486b5,1,9950.0,0.49748743718592964,0.5025125628140703
161,4995.0,Backend старт,2026-08-08 19:49:42,2026-08-08,19,7c18737f58f8,2,8950.0,0.5581005586592179,0.4418994413407821
161,4995.0,Алгоритмы старт,2026-08-08 19:49:42,2026-08-08,19,7c18737f58f8,2,8950.0,0.5581005586592179,0.4418994413407821
320,4995.0,Алгоритмы старт,2026-08-08 19:54:31,2026-08-08,19,b53e3184196d,2,8950.0,0.5581005586592179,0.4418994413407821
320,4995.0,Аналитика старт,2026-08-08 19:54:31,2026-08-08,19,b53e3184196d,2,8950.0,0.5581005586592179,0.4418994413407821
135,4995.0,Алгоритмы старт,2026-08-08 20:00:19,2026-08-08,20,f41134d43d63,2,8950.0,0.5581005586592179,0.4418994413407821
135,4995.0,ML старт,2026-08-08 20:00:19,2026-08-08,20,f41134d43d63,2,8950.0,0.5581005586592179,0.4418994413407821
73,4995.0,Алгоритмы старт,2026-08-08 20:05:40,2026-08-08,20,05f8fdef6e0f,1,8950.0,0.5581005586592179,0.4418994413407821
227,4725.0,ML старт,2026-08-08 20:08:33,2026-08-08,20,503c2118a6fb,2,8950.0,0.5279329608938548,0.4720670391061452
227,4725.0,Алгоритмы старт,2026-08-08 20:08:33,2026-08-08,20,503c2118a6fb,2,8950.0,0.5279329608938548,0.4720670391061452
507,6490.0,ML старт,2026-08-08 20:12:46,2026-08-08,20,d11f0fdc8200,1,8950.0,0.7251396648044692,0.27486033519553077
421,4995.0,Data Engenering,2026-08-08 20:25:37,2026-08-08,20,82d828c918ca,2,6900.0,0.7239130434782609,0.2760869565217391
421,4995.0,Алгоритмы,2026-08-08 20:25:37,2026-08-08,20,82d828c918ca,2,9950.0,0.5020100502512563,0.49798994974874367
401,8245.0,Backend про,2026-08-08 22:16:55,2026-08-08,22,9504b82d507b,1,8950.0,0.9212290502793297,0.07877094972067034
160,4995.0,Аналитика старт,2026-08-09 02:39:44,2026-08-09,2,5b48371aaa5c,1,8950.0,0.5581005586592179,0.4418994413407821
32,6490.0,ML старт,2026-08-09 04:36:11,2026-08-09,4,cff157757526,1,8950.0,0.7251396648044692,0.27486033519553077
415,4995.0,Backend старт,2026-08-09 04:51:42,2026-08-09,4,92c7ab81b816,1,8950.0,0.5581005586592179,0.4418994413407821
167,4950.0,ML старт,2026-08-09 09:07:16,2026-08-09,9,9fe4f6752379,2,8950.0,0.553072625698324,0.44692737430167595
167,4950.0,Алгоритмы старт,2026-08-09 09:07:16,2026-08-09,9,9fe4f6752379,2,8950.0,0.553072625698324,0.44692737430167595
262,6490.0,Backend про,2026-08-09 09:10:55,2026-08-09,9,4c68b568af1a,1,8950.0,0.7251396648044692,0.27486033519553077
570,4995.0,Алгоритмы старт,2026-08-09 09:24:57,2026-08-09,9,ab6159160b47,2,8950.0,0.5581005586592179,0.4418994413407821
570,4995.0,Аналитика старт,2026-08-09 09:24:57,2026-08-09,9,ab6159160b47,2,8950.0,0.5581005586592179,0.4418994413407821
520,6490.0,Аналитика старт,2026-08-09 09:27:27,2026-08-09,9,4ad0ac61bd54,1,8950.0,0.7251396648044692,0.27486033519553077
598,4950.0,Backend старт,2026-08-09 09:43:34,2026-08-09,9,207678bee3c3,2,8950.0,0.553072625698324,0.44692737430167595
598,4950.0,Алгоритмы,2026-08-09 09:43:34,2026-08-09,9,207678bee3c3,2,9950.0,0.49748743718592964,0.5025125628140703
279,6490.0,Аналитика старт,2026-08-09 09:48:26,2026-08-09,9,965ba76bc271,1,8950.0,0.7251396648044692,0.27486033519553077
207,6490.0,Алгоритмы старт,2026-08-09 10:15:38,2026-08-09,10,29d930425fa9,1,8950.0,0.7251396648044692,0.27486033519553077
457,6490.0,Алгоритмы старт,2026-08-09 10:16:31,2026-08-09,10,5a1d4df442be,1,8950.0,0.7251396648044692,0.27486033519553077
389,4950.0,Алгоритмы старт,2026-08-09 10:18:12,2026-08-09,10,6ffab49879ac,2,8950.0,0.553072625698324,0.44692737430167595
389,4950.0,ML старт,2026-08-09 10:18:12,2026-08-09,10,6ffab49879ac,2,8950.0,0.553072625698324,0.44692737430167595
89,9900.0,Алгоритмы,2026-08-09 10:44:19,2026-08-09,10,dd44d7c0a00d,1,9950.0,0.9949748743718593,0.005025125628140725
232,6490.0,Аналитика старт,2026-08-09 10:47:20,2026-08-09,10,52a30061dd16,1,8950.0,0.7251396648044692,0.27486033519553077
527,4950.0,ML старт,2026-08-09 10:49:47,2026-08-09,10,384fcb47fd75,2,8950.0,0.553072625698324,0.44692737430167595
527,4950.0,Алгоритмы старт,2026-08-09 10:49:47,2026-08-09,10,384fcb47fd75,2,8950.0,0.553072625698324,0.44692737430167595
129,6490.0,Аналитика старт,2026-08-09 10:56:45,2026-08-09,10,14d8e4987ace,1,8950.0,0.7251396648044692,0.27486033519553077
19,4950.0,Алгоритмы старт,2026-08-09 11:01:50,2026-08-09,11,f64219e8cbbf,2,8950.0,0.553072625698324,0.44692737430167595
19,4950.0,Аналитика старт,2026-08-09 11:01:50,2026-08-09,11,f64219e8cbbf,2,8950.0,0.553072625698324,0.44692737430167595
38,6490.0,Аналитика старт,2026-08-09 12:15:31,2026-08-09,12,8621f0fc29c1,1,8950.0,0.7251396648044692,0.27486033519553077
206,4995.0,Backend старт,2026-08-09 13:00:12,2026-08-09,13,77ef04b04f6f,2,8950.0,0.5581005586592179,0.4418994413407821
206,4995.0,Алгоритмы,2026-08-09 13:00:12,2026-08-09,13,77ef04b04f6f,2,9950.0,0.5020100502512563,0.49798994974874367
356,6950.0,Backend старт,2026-08-09 13:48:05,2026-08-09,13,dd647648f2e0,1,8950.0,0.776536312849162,0.22346368715083798
336,4950.0,Алгоритмы старт,2026-08-09 13:48:41,2026-08-09,13,7638efaa86e9,2,8950.0,0.553072625698324,0.44692737430167595
336,4950.0,ML старт,2026-08-09 13:48:41,2026-08-09,13,7638efaa86e9,2,8950.0,0.553072625698324,0.44692737430167595
53,4950.0,ML старт,2026-08-09 13:57:35,2026-08-09,13,e18756c9f7ab,1,8950.0,0.553072625698324,0.44692737430167595
543,4950.0,Алгоритмы старт,2026-08-09 14:01:24,2026-08-09,14,17249db693df,1,8950.0,0.553072625698324,0.44692737430167595
476,4450.0,ML старт,2026-08-09 14:14:07,2026-08-09,14,b01d0cab7bc8,2,8950.0,0.4972067039106145,0.5027932960893855
476,4450.0,Алгоритмы старт,2026-08-09 14:14:07,2026-08-09,14,b01d0cab7bc8,2,8950.0,0.4972067039106145,0.5027932960893855
64,4995.0,Алгоритмы,2026-08-09 14:45:05,2026-08-09,14,65b9a8e09760,1,9950.0,0.5020100502512563,0.49798994974874367
335,4950.0,ML старт,2026-08-09 16:07:42,2026-08-09,16,dbcce1fcd892,2,8950.0,0.553072625698324,0.44692737430167595
335,4950.0,Алгоритмы старт,2026-08-09 16:07:42,2026-08-09,16,dbcce1fcd892,2,8950.0,0.553072625698324,0.44692737430167595
400,6490.0,Алгоритмы старт,2026-08-09 16:12:09,2026-08-09,16,dc1b90c671a4,1,8950.0,0.7251396648044692,0.27486033519553077
58,5463.33,ML старт,2026-08-09 16:12:46,2026-08-09,16,4a381e22b1ff,3,8950.0,0.6104279329608938,0.3895720670391062
58,5463.33,Backend старт,2026-08-09 16:12:46,2026-08-09,16,4a381e22b1ff,3,8950.0,0.6104279329608938,0.3895720670391062
58,5463.34,Алгоритмы старт,2026-08-09 16:12:46,2026-08-09,16,4a381e22b1ff,3,8950.0,0.6104290502793296,0.3895709497206704
435,4950.0,Аналитика старт,2026-08-09 16:13:53,2026-08-09,16,2e4df94aad4b,2,8950.0,0.553072625698324,0.44692737430167595
435,4950.0,Аналитика про,2026-08-09 16:13:53,2026-08-09,16,2e4df94aad4b,2,8950.0,0.553072625698324,0.44692737430167595
365,6490.0,ML старт,2026-08-09 16:15:08,2026-08-09,16,2d45a71d2d6c,1,8950.0,0.7251396648044692,0.27486033519553077
286,6490.0,Аналитика старт,2026-08-09 16:16:39,2026-08-09,16,7eedd05c7926,1,8950.0,0.7251396648044692,0.27486033519553077
96,6490.0,Аналитика старт,2026-08-09 16:21:43,2026-08-09,16,c6da416a8f8c,1,8950.0,0.7251396648044692,0.27486033519553077
321,6490.0,ML старт,2026-08-09 16:24:15,2026-08-09,16,7eb8565c68a2,1,8950.0,0.7251396648044692,0.27486033519553077
550,5463.34,Алгоритмы старт,2026-08-09 16:24:42,2026-08-09,16,c4cd6e9b5656,1,8950.0,0.6104290502793296,0.3895709497206704
577,5463.33,Backend старт,2026-08-09 16:26:30,2026-08-09,16,6a65861be3ce,1,8950.0,0.6104279329608938,0.3895720670391062
176,6490.0,Алгоритмы,2026-08-09 16:29:58,2026-08-09,16,e8d1eedfde4e,1,9950.0,0.6522613065326633,0.34773869346733666
331,4995.0,Алгоритмы старт,2026-08-09 16:31:09,2026-08-09,16,04f8d1d8c6a6,2,8950.0,0.5581005586592179,0.4418994413407821
331,4995.0,Аналитика старт,2026-08-09 16:31:09,2026-08-09,16,04f8d1d8c6a6,2,8950.0,0.5581005586592179,0.4418994413407821
138,6490.0,ML старт,2026-08-09 16:33:22,2026-08-09,16,ef4beb776ebc,1,8950.0,0.7251396648044692,0.27486033519553077
40,6490.0,Аналитика старт,2026-08-09 16:36:02,2026-08-09,16,b229c1631159,1,8950.0,0.7251396648044692,0.27486033519553077
488,19350.0,Алгоритмы,2026-08-09 16:36:09,2026-08-09,16,a57b453ed785,1,9950.0,1.5,0.0
462,500.0,Алгоритмы старт,2026-08-09 16:45:22,2026-08-09,16,63aaec394d46,1,8950.0,0.055865921787709494,0.9441340782122905
329,6490.0,Алгоритмы старт,2026-08-09 16:51:47,2026-08-09,16,7ed049ce1603,1,8950.0,0.7251396648044692,0.27486033519553077
12,6490.0,Backend старт,2026-08-09 16:52:01,2026-08-09,16,30d8fbf4e95b,1,8950.0,0.7251396648044692,0.27486033519553077
371,4950.0,ML старт,2026-08-09 17:17:09,2026-08-09,17,0e33a0889e6a,2,8950.0,0.553072625698324,0.44692737430167595
371,4950.0,Алгоритмы старт,2026-08-09 17:17:09,2026-08-09,17,0e33a0889e6a,2,8950.0,0.553072625698324,0.44692737430167595
380,6490.0,ML старт,2026-08-09 17:19:11,2026-08-09,17,ffcf217808c4,1,8950.0,0.7251396648044692,0.27486033519553077
184,4950.0,Алгоритмы старт,2026-08-09 17:20:07,2026-08-09,17,a72536f064e1,1,8950.0,0.553072625698324,0.44692737430167595
470,4950.0,ML старт,2026-08-09 17:24:05,2026-08-09,17,c2f32a8a55ac,2,8950.0,0.553072625698324,0.44692737430167595
470,4950.0,Алгоритмы,2026-08-09 17:24:05,2026-08-09,17,c2f32a8a55ac,2,9950.0,0.49748743718592964,0.5025125628140703
319,4950.0,ML старт,2026-08-09 17:25:06,2026-08-09,17,738697eceb2d,1,8950.0,0.553072625698324,0.44692737430167595
402,4995.0,ML старт,2026-08-09 17:25:40,2026-08-09,17,0fa6a9bdacce,2,8950.0,0.5581005586592179,0.4418994413407821
402,4995.0,Алгоритмы старт,2026-08-09 17:25:40,2026-08-09,17,0fa6a9bdacce,2,8950.0,0.5581005586592179,0.4418994413407821
563,6490.0,Аналитика старт,2026-08-09 17:28:24,2026-08-09,17,4764a199b372,1,8950.0,0.7251396648044692,0.27486033519553077
597,5990.0,ML старт,2026-08-09 18:00:04,2026-08-09,18,1a5a78d9c3d2,1,8950.0,0.6692737430167598,0.3307262569832402
589,5990.0,Алгоритмы старт,2026-08-09 18:06:31,2026-08-09,18,a3071f247b8e,1,8950.0,0.6692737430167598,0.3307262569832402
65,6490.0,Аналитика старт,2026-08-09 18:45:20,2026-08-09,18,32eed419cb44,1,8950.0,0.7251396648044692,0.27486033519553077
103,6490.0,Аналитика старт,2026-08-09 18:46:42,2026-08-09,18,1c5f5ce0138f,1,8950.0,0.7251396648044692,0.27486033519553077
62,4995.0,Backend старт,2026-08-09 18:47:09,2026-08-09,18,f2b5393cb86d,2,8950.0,0.5581005586592179,0.4418994413407821
62,4995.0,Алгоритмы старт,2026-08-09 18:47:09,2026-08-09,18,f2b5393cb86d,2,8950.0,0.5581005586592179,0.4418994413407821
187,4495.0,Алгоритмы старт,2026-08-09 18:48:05,2026-08-09,18,8e8bcf0ff594,2,8950.0,0.5022346368715084,0.4977653631284916
187,4495.0,Аналитика старт,2026-08-09 18:48:05,2026-08-09,18,8e8bcf0ff594,2,8950.0,0.5022346368715084,0.4977653631284916
369,4495.0,Алгоритмы старт,2026-08-09 18:53:23,2026-08-09,18,6b829620686f,1,8950.0,0.5022346368715084,0.4977653631284916
282,8745.0,ML про,2026-08-09 18:55:57,2026-08-09,18,d71a329e1d58,1,8950.0,0.9770949720670391,0.022905027932960897
323,4995.0,Алгоритмы,2026-08-09 18:56:09,2026-08-09,18,be15c076ccc9,2,9950.0,0.5020100502512563,0.49798994974874367
323,4995.0,Backend старт,2026-08-09 18:56:09,2026-08-09,18,be15c076ccc9,2,8950.0,0.5581005586592179,0.4418994413407821
382,4450.0,ML старт,2026-08-09 18:58:42,2026-08-09,18,8c944e32f8d2,2,8950.0,0.4972067039106145,0.5027932960893855
382,4450.0,Алгоритмы старт,2026-08-09 18:58:42,2026-08-09,18,8c944e32f8d2,2,8950.0,0.4972067039106145,0.5027932960893855
228,6450.0,Data Science,2026-08-09 19:02:28,2026-08-09,19,05f6dffe106b,1,6950.0,0.9280575539568345,0.07194244604316546
84,6490.0,Backend старт,2026-08-09 19:07:32,2026-08-09,19,42285db4cf11,1,8950.0,0.7251396648044692,0.27486033519553077
374,6450.0,Data Science,2026-08-09 19:11:48,2026-08-09,19,3449aeb4cda1,1,6950.0,0.9280575539568345,0.07194244604316546
63,6450.0,Data Engenering,2026-08-09 19:29:08,2026-08-09,19,d84bd0790718,2,6900.0,0.9347826086956522,0.06521739130434778
63,6450.0,Data Science,2026-08-09 19:29:08,2026-08-09,19,d84bd0790718,2,6950.0,0.9280575539568345,0.07194244604316546
433,4950.0,ML старт,2026-08-09 19:40:37,2026-08-09,19,cbb0a360ea70,2,8950.0,0.553072625698324,0.44692737430167595
433,4950.0,Алгоритмы старт,2026-08-09 19:40:37,2026-08-09,19,cbb0a360ea70,2,8950.0,0.553072625698324,0.44692737430167595
439,6490.0,Backend старт,2026-08-09 20:20:29,2026-08-09,20,0b4ff0c8aa33,1,8950.0,0.7251396648044692,0.27486033519553077
223,6490.0,Алгоритмы старт,2026-08-09 20:27:29,2026-08-09,20,50e8dfe8601f,1,8950.0,0.7251396648044692,0.27486033519553077
508,4950.0,Алгоритмы старт,2026-08-09 21:33:27,2026-08-09,21,ac45eedd8f05,2,8950.0,0.553072625698324,0.44692737430167595
508,4950.0,Backend старт,2026-08-09 21:33:27,2026-08-09,21,ac45eedd8f05,2,8950.0,0.553072625698324,0.44692737430167595
478,6450.0,Data Engenering,2026-08-10 00:13:55,2026-08-10,0,6575ba7c7ec0,1,6900.0,0.9347826086956522,0.06521739130434778
57,4950.0,ML старт,2026-08-10 00:14:10,2026-08-10,0,c90f6fea4597,1,8950.0,0.553072625698324,0.44692737430167595
445,4950.0,Аналитика про,2026-08-10 00:36:19,2026-08-10,0,b1d72510fd42,1,8950.0,0.553072625698324,0.44692737430167595
93,6950.0,К ВУЗу,2026-08-10 05:56:12,2026-08-10,5,088073b452bf,1,6950.0,1.0,0.0
186,4950.0,Алгоритмы старт,2026-08-10 06:13:10,2026-08-10,6,6c1b0d10e0f9,1,8950.0,0.553072625698324,0.44692737430167595
544,4995.0,Алгоритмы,2026-08-10 06:26:01,2026-08-10,6,7165fe089167,1,9950.0,0.5020100502512563,0.49798994974874367
83,6490.0,Аналитика старт,2026-08-10 07:52:44,2026-08-10,7,6cdaf65b47bd,1,8950.0,0.7251396648044692,0.27486033519553077
152,6490.0,ML старт,2026-08-10 08:42:13,2026-08-10,8,56c244f99635,1,8950.0,0.7251396648044692,0.27486033519553077
446,6950.0,Data Engenering,2026-08-10 09:02:50,2026-08-10,9,9335ed4af47f,1,6900.0,1.0072463768115942,0.0
106,4950.0,Backend старт,2026-08-10 10:53:02,2026-08-10,10,d059f0dc3426,2,8950.0,0.553072625698324,0.44692737430167595
106,4950.0,Алгоритмы старт,2026-08-10 10:53:02,2026-08-10,10,d059f0dc3426,2,8950.0,0.553072625698324,0.44692737430167595
158,4700.0,Алгоритмы,2026-08-10 12:37:30,2026-08-10,12,3a1c6db16570,2,9950.0,0.4723618090452261,0.5276381909547738
158,4700.0,Backend старт,2026-08-10 12:37:30,2026-08-10,12,3a1c6db16570,2,8950.0,0.5251396648044693,0.4748603351955307
164,8745.0,ML старт,2026-08-10 13:08:15,2026-08-10,13,f87607093221,1,8950.0,0.9770949720670391,0.022905027932960897
500,6490.0,Аналитика старт,2026-08-10 13:21:01,2026-08-10,13,c63c6997320e,1,8950.0,0.7251396648044692,0.27486033519553077
467,6490.0,Аналитика старт,2026-08-10 13:55:50,2026-08-10,13,b7a8de698afc,1,8950.0,0.7251396648044692,0.27486033519553077
217,6950.0,К ВУЗу,2026-08-10 14:24:20,2026-08-10,14,a8f460a4c175,1,6950.0,1.0,0.0
258,6490.0,Алгоритмы,2026-08-10 15:03:03,2026-08-10,15,90ab92b59fd4,1,9950.0,0.6522613065326633,0.34773869346733666
408,6490.0,Аналитика старт,2026-08-10 15:22:41,2026-08-10,15,7c24d3e79f9f,1,8950.0,0.7251396648044692,0.27486033519553077
584,6490.0,Алгоритмы старт,2026-08-10 15:33:39,2026-08-10,15,c80528553626,1,8950.0,0.7251396648044692,0.27486033519553077
519,4950.0,Аналитика про,2026-08-10 16:09:27,2026-08-10,16,c398a246f8b1,3,8950.0,0.553072625698324,0.44692737430167595
519,4950.0,Аналитика старт,2026-08-10 16:09:27,2026-08-10,16,c398a246f8b1,3,8950.0,0.553072625698324,0.44692737430167595
519,4950.0,Алгоритмы старт,2026-08-10 16:09:27,2026-08-10,16,c398a246f8b1,3,8950.0,0.553072625698324,0.44692737430167595
86,4950.0,Алгоритмы старт,2026-08-10 16:16:30,2026-08-10,16,984e0c62a9b7,1,8950.0,0.553072625698324,0.44692737430167595
21,4950.0,Аналитика старт,2026-08-10 16:29:36,2026-08-10,16,cea2fd7d4847,2,8950.0,0.553072625698324,0.44692737430167595
21,4950.0,Алгоритмы старт,2026-08-10 16:29:36,2026-08-10,16,cea2fd7d4847,2,8950.0,0.553072625698324,0.44692737430167595
16,4950.0,ML старт,2026-08-10 16:56:42,2026-08-10,16,53b7732536b4,2,8950.0,0.553072625698324,0.44692737430167595
16,4950.0,Алгоритмы старт,2026-08-10 16:56:42,2026-08-10,16,53b7732536b4,2,8950.0,0.553072625698324,0.44692737430167595
67,6490.0,Аналитика старт,2026-08-10 18:01:06,2026-08-10,18,cfda06b35575,1,8950.0,0.7251396648044692,0.27486033519553077
498,4500.0,Аналитика про,2026-08-10 18:10:53,2026-08-10,18,86d551b38de8,2,8950.0,0.5027932960893855,0.4972067039106145
498,4500.0,Аналитика старт,2026-08-10 18:10:53,2026-08-10,18,86d551b38de8,2,8950.0,0.5027932960893855,0.4972067039106145
52,6450.0,К ВУЗу,2026-08-10 18:12:59,2026-08-10,18,6781ef3398a7,1,6950.0,0.9280575539568345,0.07194244604316546
464,4500.0,Аналитика старт,2026-08-10 18:30:49,2026-08-10,18,d3e4ac548f5e,1,8950.0,0.5027932960893855,0.4972067039106145
606,6450.0,К ВУЗу,2026-08-10 18:36:00,2026-08-10,18,3d4b6769f48b,1,6950.0,0.9280575539568345,0.07194244604316546
546,6490.0,Аналитика старт,2026-08-10 19:07:51,2026-08-10,19,ebe4666664ea,1,8950.0,0.7251396648044692,0.27486033519553077
389,5990.0,Аналитика старт,2026-08-10 19:12:23,2026-08-10,19,311fdd972fd5,1,8950.0,0.6692737430167598,0.3307262569832402
588,6450.0,К ВУЗу,2026-08-11 02:43:57,2026-08-11,2,8c7621d69daa,1,6950.0,0.9280575539568345,0.07194244604316546
173,4950.0,Алгоритмы старт,2026-08-11 07:48:36,2026-08-11,7,a7189aa8449c,2,8950.0,0.553072625698324,0.44692737430167595
173,4950.0,ML старт,2026-08-11 07:48:36,2026-08-11,7,a7189aa8449c,2,8950.0,0.553072625698324,0.44692737430167595
417,6950.0,К ВУЗу,2026-08-11 10:51:54,2026-08-11,10,dbf5c8668097,1,6950.0,1.0,0.0
281,4950.0,ML старт,2026-08-11 12:02:08,2026-08-11,12,f0c7c51d4bbd,1,8950.0,0.553072625698324,0.44692737430167595
339,6450.0,К ВУЗу,2026-08-11 12:22:26,2026-08-11,12,68f0e05d4c2c,1,6950.0,0.9280575539568345,0.07194244604316546
82,3245.0,Аналитика про,2026-08-11 12:46:14,2026-08-11,12,25726b8c2beb,2,8950.0,0.3625698324022346,0.6374301675977654
82,3245.0,Аналитика старт,2026-08-11 12:46:14,2026-08-11,12,25726b8c2beb,2,8950.0,0.3625698324022346,0.6374301675977654
142,6490.0,Аналитика старт,2026-08-11 15:49:13,2026-08-11,15,cfb14078b5cc,1,8950.0,0.7251396648044692,0.27486033519553077
304,6950.0,К ВУЗу,2026-08-11 15:52:40,2026-08-11,15,4b1cc02ad547,1,6950.0,1.0,0.0
311,4950.0,ML старт,2026-08-11 16:15:41,2026-08-11,16,8c7ccb690884,2,8950.0,0.553072625698324,0.44692737430167595
311,4950.0,Алгоритмы старт,2026-08-11 16:15:41,2026-08-11,16,8c7ccb690884,2,8950.0,0.553072625698324,0.44692737430167595
453,4950.0,Алгоритмы старт,2026-08-11 17:07:53,2026-08-11,17,72bee7e6b110,1,8950.0,0.553072625698324,0.44692737430167595
505,4950.0,Алгоритмы старт,2026-08-11 18:00:05,2026-08-11,18,4e6bbdc4ea45,2,8950.0,0.553072625698324,0.44692737430167595
505,4950.0,ML старт,2026-08-11 18:00:05,2026-08-11,18,4e6bbdc4ea45,2,8950.0,0.553072625698324,0.44692737430167595
112,8475.0,ML про,2026-08-11 18:41:42,2026-08-11,18,10f14d640eb4,2,8950.0,0.946927374301676,0.05307262569832405
112,8475.0,ML старт,2026-08-11 18:41:42,2026-08-11,18,10f14d640eb4,2,8950.0,0.946927374301676,0.05307262569832405
179,6490.0,Аналитика старт,2026-08-12 02:06:02,2026-08-12,2,5ef3e10de019,1,8950.0,0.7251396648044692,0.27486033519553077
537,4950.0,ML старт,2026-08-12 04:49:43,2026-08-12,4,6de3e597a187,2,8950.0,0.553072625698324,0.44692737430167595
537,4950.0,Алгоритмы старт,2026-08-12 04:49:43,2026-08-12,4,6de3e597a187,2,8950.0,0.553072625698324,0.44692737430167595
46,6450.0,К ВУЗу,2026-08-12 05:13:04,2026-08-12,5,e146c95ab0bd,1,6950.0,0.9280575539568345,0.07194244604316546
260,4950.0,Алгоритмы,2026-08-12 05:32:11,2026-08-12,5,ff2c72f90687,2,9950.0,0.49748743718592964,0.5025125628140703
260,4950.0,Алгоритмы про,2026-08-12 05:32:11,2026-08-12,5,ff2c72f90687,2,8950.0,0.553072625698324,0.44692737430167595
234,4950.0,ML старт,2026-08-12 06:04:03,2026-08-12,6,0ca9bb13e77a,1,8950.0,0.553072625698324,0.44692737430167595
332,9900.0,ML старт,2026-08-12 06:44:05,2026-08-12,6,4567dc5bfbb8,1,8950.0,1.106145251396648,0.0
41,6500.0,ML старт,2026-08-12 10:22:39,2026-08-12,10,85a88a278e36,1,8950.0,0.7262569832402235,0.2737430167597765
536,8475.0,Аналитика старт,2026-08-12 12:22:52,2026-08-12,12,cdaa12043d2c,2,8950.0,0.946927374301676,0.05307262569832405
536,8475.0,Аналитика про,2026-08-12 12:22:52,2026-08-12,12,cdaa12043d2c,2,8950.0,0.946927374301676,0.05307262569832405
460,8745.0,Аналитика старт,2026-08-12 13:12:40,2026-08-12,13,7288e18eea52,1,8950.0,0.9770949720670391,0.022905027932960897
388,7000.0,ML старт,2026-08-12 13:28:18,2026-08-12,13,d3011688db91,1,8950.0,0.7821229050279329,0.2178770949720671
521,6450.0,К ВУЗу,2026-08-12 14:21:51,2026-08-12,14,e80b2a058269,1,6950.0,0.9280575539568345,0.07194244604316546
586,8745.0,Аналитика старт,2026-08-12 17:45:53,2026-08-12,17,745b33be2f31,1,8950.0,0.9770949720670391,0.022905027932960897
170,6000.0,ML старт,2026-08-12 17:51:00,2026-08-12,17,9b2828b9faf0,1,8950.0,0.6703910614525139,0.3296089385474861
348,6950.0,К ВУЗу,2026-08-12 19:17:21,2026-08-12,19,9f5904b4d377,1,6950.0,1.0,0.0
364,8475.0,Аналитика про,2026-08-13 00:01:02,2026-08-13,0,89347375803b,1,8950.0,0.946927374301676,0.05307262569832405
66,8745.0,Алгоритмы старт,2026-08-13 05:36:55,2026-08-13,5,a7311f8a0efe,1,8950.0,0.9770949720670391,0.022905027932960897
426,6000.0,ML старт,2026-08-13 09:26:22,2026-08-13,9,7d13643f11b4,1,8950.0,0.6703910614525139,0.3296089385474861
342,9950.0,Теория вероятностей,2026-08-13 09:48:34,2026-08-13,9,84dfe3ed6562,1,9950.0,1.0,0.0
275,8745.0,Алгоритмы старт,2026-08-13 09:51:23,2026-08-13,9,5b134997e39b,1,8950.0,0.9770949720670391,0.022905027932960897
132,8745.0,Аналитика про,2026-08-13 11:39:13,2026-08-13,11,ced361aa5936,1,8950.0,0.9770949720670391,0.022905027932960897
175,9950.0,Теория вероятностей,2026-08-13 16:14:01,2026-08-13,16,152ae7b03922,1,9950.0,1.0,0.0
153,5750.0,Алгоритмы,2026-08-13 18:30:59,2026-08-13,18,2616457bc5b5,1,9950.0,0.5778894472361809,0.42211055276381915
208,6450.0,К ВУЗу,2026-08-13 19:25:17,2026-08-13,19,beeb79a23fdc,1,6950.0,0.9280575539568345,0.07194244604316546
79,9950.0,Теория вероятностей,2026-08-14 04:09:52,2026-08-14,4,fa65618e6c07,1,9950.0,1.0,0.0
229,9950.0,Теория вероятностей,2026-08-14 04:19:44,2026-08-14,4,75431dbc34d7,1,9950.0,1.0,0.0
474,6950.0,К ВУЗу,2026-08-14 07:16:32,2026-08-14,7,b05ea0e6242e,1,6950.0,1.0,0.0
45,5750.0,Алгоритмы,2026-08-14 10:04:52,2026-08-14,10,490761863329,1,9950.0,0.5778894472361809,0.42211055276381915
442,6950.0,К ВУЗу,2026-08-14 11:21:45,2026-08-14,11,7306d87be761,1,6950.0,1.0,0.0
316,4495.0,АВ тестам,2026-08-14 12:59:02,2026-08-14,12,5c28e849b7be,1,8191.0,0.5487730435844219,0.4512269564155781
448,8475.0,ML про,2026-08-14 14:23:30,2026-08-14,14,87028ef7c4cd,2,8950.0,0.946927374301676,0.05307262569832405
448,8475.0,ML старт,2026-08-14 14:23:30,2026-08-14,14,87028ef7c4cd,2,8950.0,0.946927374301676,0.05307262569832405
391,8745.0,Алгоритмы старт,2026-08-14 18:55:11,2026-08-14,18,89df3dca465f,1,8950.0,0.9770949720670391,0.022905027932960897
420,6950.0,К ВУЗу,2026-08-14 20:17:00,2026-08-14,20,de3bc65b5b90,1,6950.0,1.0,0.0
276,2875.0,ML старт,2026-08-15 12:43:23,2026-08-15,12,79b9a697f06b,2,8950.0,0.32122905027932963,0.6787709497206704
276,2875.0,Алгоритмы старт,2026-08-15 12:43:23,2026-08-15,12,79b9a697f06b,2,8950.0,0.32122905027932963,0.6787709497206704
162,6950.0,К ВУЗу,2026-08-15 12:51:04,2026-08-15,12,57dfc6a3b0df,1,6950.0,1.0,0.0
130,9950.0,Алгоритмы,2026-08-15 14:59:16,2026-08-15,14,03500598f008,1,9950.0,1.0,0.0
482,8475.0,ML старт,2026-08-15 16:30:16,2026-08-15,16,ea7abeafe96e,2,8950.0,0.946927374301676,0.05307262569832405
482,8475.0,Алгоритмы,2026-08-15 16:30:16,2026-08-15,16,ea7abeafe96e,2,9950.0,0.8517587939698492,0.14824120603015079
484,8745.0,Аналитика старт,2026-08-15 19:17:47,2026-08-15,19,e4eec69d1c33,1,8950.0,0.9770949720670391,0.022905027932960897
564,8745.0,Аналитика старт,2026-08-16 04:38:14,2026-08-16,4,b8ac23207bd7,1,8950.0,0.9770949720670391,0.022905027932960897
479,8745.0,Аналитика старт,2026-08-16 09:40:02,2026-08-16,9,4d166d8307b7,1,8950.0,0.9770949720670391,0.022905027932960897
441,8745.0,Алгоритмы старт,2026-08-16 09:40:30,2026-08-16,9,c8abc4fc7d5b,1,8950.0,0.9770949720670391,0.022905027932960897
133,4950.0,Аналитика старт,2026-08-16 09:59:37,2026-08-16,9,47d0003de47c,2,8950.0,0.553072625698324,0.44692737430167595
133,4950.0,Аналитика про,2026-08-16 09:59:37,2026-08-16,9,47d0003de47c,2,8950.0,0.553072625698324,0.44692737430167595
143,6950.0,К ВУЗу,2026-08-16 13:21:36,2026-08-16,13,1e3ae4291372,1,6950.0,1.0,0.0
361,8745.0,ML старт,2026-08-17 10:53:42,2026-08-17,10,75c6ac2dbdb5,2,8950.0,0.9770949720670391,0.022905027932960897
361,8745.0,Алгоритмы старт,2026-08-17 10:53:42,2026-08-17,10,75c6ac2dbdb5,2,8950.0,0.9770949720670391,0.022905027932960897
522,6950.0,К ВУЗу,2026-08-17 16:24:17,2026-08-17,16,7162211cedae,1,6950.0,1.0,0.0
562,8745.0,ML старт,2026-08-17 22:34:23,2026-08-17,22,a564cff6a337,1,8950.0,0.9770949720670391,0.022905027932960897
346,8745.0,ML старт,2026-08-18 10:15:05,2026-08-18,10,48684f5ed291,1,8950.0,0.9770949720670391,0.022905027932960897
477,9450.0,Линейная алгебра,2026-08-18 15:06:11,2026-08-18,15,787d65da2a0f,1,9950.0,0.949748743718593,0.05025125628140703
603,8745.0,Аналитика старт,2026-08-18 16:34:39,2026-08-18,16,5548f550c627,1,8950.0,0.9770949720670391,0.022905027932960897
75,8475.0,Аналитика про,2026-08-18 18:53:33,2026-08-18,18,dea537f4fda3,2,8950.0,0.946927374301676,0.05307262569832405
75,8475.0,Аналитика старт,2026-08-18 18:53:33,2026-08-18,18,dea537f4fda3,2,8950.0,0.946927374301676,0.05307262569832405
70,8475.0,Аналитика старт,2026-08-18 19:10:04,2026-08-18,19,ed005d13d2ff,1,8950.0,0.946927374301676,0.05307262569832405
413,8745.0,Аналитика старт,2026-08-18 19:40:47,2026-08-18,19,2a6784620638,1,8950.0,0.9770949720670391,0.022905027932960897
468,9450.0,Линейная алгебра,2026-08-19 07:10:12,2026-08-19,7,add532957457,1,9950.0,0.949748743718593,0.05025125628140703
287,6950.0,Data Science,2026-08-19 07:46:07,2026-08-19,7,8d1d7f2e3494,1,6950.0,1.0,0.0
575,8245.0,Алгоритмы старт,2026-08-19 09:21:46,2026-08-19,9,b7cd7e530155,3,8950.0,0.9212290502793297,0.07877094972067034
575,8245.0,Аналитика про,2026-08-19 09:21:46,2026-08-19,9,b7cd7e530155,3,8950.0,0.9212290502793297,0.07877094972067034
575,8245.0,Аналитика старт,2026-08-19 09:21:46,2026-08-19,9,b7cd7e530155,3,8950.0,0.9212290502793297,0.07877094972067034
386,7000.0,Backend про,2026-08-19 13:53:46,2026-08-19,13,9abb85284f5f,1,8950.0,0.7821229050279329,0.2178770949720671
592,8245.0,Алгоритмы старт,2026-08-19 20:38:02,2026-08-19,20,bae9781463e7,1,8950.0,0.9212290502793297,0.07877094972067034
351,9450.0,Линейная алгебра,2026-08-20 11:12:25,2026-08-20,11,1efbf21bc7fe,1,9950.0,0.949748743718593,0.05025125628140703
392,8745.0,Аналитика старт,2026-08-20 13:14:17,2026-08-20,13,e55a66921b58,1,8950.0,0.9770949720670391,0.022905027932960897
501,8745.0,ML старт,2026-08-20 14:06:32,2026-08-20,14,d41a329d6b8c,1,8950.0,0.9770949720670391,0.022905027932960897
492,9950.0,Теория вероятностей,2026-08-20 14:21:52,2026-08-20,14,912179fc6728,1,9950.0,1.0,0.0
146,6950.0,К ВУЗу,2026-08-20 16:27:30,2026-08-20,16,8a37a8333a61,1,6950.0,1.0,0.0
101,8745.0,Алгоритмы старт,2026-08-20 17:34:00,2026-08-20,17,63097ad7745a,1,8950.0,0.9770949720670391,0.022905027932960897
199,9950.0,Мат анализ,2026-08-21 09:02:18,2026-08-21,9,605cf3214b1a,1,9950.0,1.0,0.0
578,8245.0,Аналитика про,2026-08-21 12:29:55,2026-08-21,12,128e52d6585a,1,8950.0,0.9212290502793297,0.07877094972067034
92,9950.0,Линейная алгебра,2026-08-21 15:14:39,2026-08-21,15,da666cf1d815,1,9950.0,1.0,0.0
69,6950.0,К ВУЗу,2026-08-22 04:22:43,2026-08-22,4,2cce0a848eed,1,6950.0,1.0,0.0
437,8950.0,AI агенты,2026-08-22 08:23:59,2026-08-22,8,b07c413c3d2a,1,8950.0,1.0,0.0
218,8475.0,Backend про,2026-08-22 09:03:23,2026-08-22,9,b528bb62f403,2,8950.0,0.946927374301676,0.05307262569832405
218,8475.0,Алгоритмы про,2026-08-22 09:03:23,2026-08-22,9,b528bb62f403,2,8950.0,0.946927374301676,0.05307262569832405
156,7475.0,Алгоритмы про,2026-08-22 10:54:14,2026-08-22,10,eb3ae0850809,2,8950.0,0.835195530726257,0.16480446927374304
156,7475.0,Алгоритмы старт,2026-08-22 10:54:14,2026-08-22,10,eb3ae0850809,2,8950.0,0.835195530726257,0.16480446927374304
211,7475.0,ML про,2026-08-22 11:08:24,2026-08-22,11,609c1a82b577,2,8950.0,0.835195530726257,0.16480446927374304
211,7475.0,AI агенты,2026-08-22 11:08:24,2026-08-22,11,609c1a82b577,2,8950.0,0.835195530726257,0.16480446927374304
370,5750.0,Backend про,2026-08-22 11:14:12,2026-08-22,11,3a7e99263062,1,8950.0,0.6424581005586593,0.35754189944134074
277,5750.0,Backend про,2026-08-22 11:24:53,2026-08-22,11,f70194e2cffa,1,8950.0,0.6424581005586593,0.35754189944134074
293,8950.0,Backend про,2026-08-22 11:35:35,2026-08-22,11,ea871e6a9799,1,8950.0,1.0,0.0
353,8950.0,Аналитика старт,2026-08-22 11:39:22,2026-08-22,11,08b6c8d618ad,1,8950.0,1.0,0.0
458,8450.0,Backend про,2026-08-22 11:58:37,2026-08-22,11,2642b5531eb3,1,8950.0,0.9441340782122905,0.05586592178770955
87,7475.0,Алгоритмы про,2026-08-22 13:23:20,2026-08-22,13,944be409f313,1,8950.0,0.835195530726257,0.16480446927374304
248,7475.0,ML про,2026-08-22 13:43:42,2026-08-22,13,8d38b4d2518e,1,8950.0,0.835195530726257,0.16480446927374304
496,8950.0,ML старт,2026-08-22 15:01:37,2026-08-22,15,6e5f6510bfc2,1,8950.0,1.0,0.0
372,7450.0,AI агенты,2026-08-22 15:11:44,2026-08-22,15,669d9f14f3db,1,8950.0,0.8324022346368715,0.16759776536312854
525,8950.0,Аналитика старт,2026-08-22 15:39:49,2026-08-22,15,581af6e407de,1,8950.0,1.0,0.0
600,7450.0,AI агенты,2026-08-22 15:48:13,2026-08-22,15,ac46e9d80efe,1,8950.0,0.8324022346368715,0.16759776536312854
485,8450.0,Аналитика про,2026-08-22 16:02:00,2026-08-22,16,1616d44c21ef,1,8950.0,0.9441340782122905,0.05586592178770955
5,5750.0,ML про,2026-08-22 16:19:00,2026-08-22,16,12f607a59982,1,8950.0,0.6424581005586593,0.35754189944134074
595,7475.0,AI агенты,2026-08-22 16:55:59,2026-08-22,16,82f9e08f0b91,2,8950.0,0.835195530726257,0.16480446927374304
595,7475.0,ML про,2026-08-22 16:55:59,2026-08-22,16,82f9e08f0b91,2,8950.0,0.835195530726257,0.16480446927374304
17,9950.0,Алгоритмы,2026-08-22 17:01:20,2026-08-22,17,fec6fae25652,1,9950.0,1.0,0.0
297,8450.0,Алгоритмы,2026-08-22 17:26:07,2026-08-22,17,c5acad76376c,1,9950.0,0.8492462311557789,0.1507537688442211
240,6450.0,Алгоритмы про,2026-08-22 18:00:15,2026-08-22,18,529c7af35010,1,8950.0,0.7206703910614525,0.2793296089385475
373,7475.0,Алгоритмы про,2026-08-22 18:58:36,2026-08-22,18,3905e7d4428a,2,8950.0,0.835195530726257,0.16480446927374304
373,7475.0,Алгоритмы старт,2026-08-22 18:58:36,2026-08-22,18,3905e7d4428a,2,8950.0,0.835195530726257,0.16480446927374304
220,9950.0,Линейная алгебра,2026-08-22 19:19:35,2026-08-22,19,807798cb551c,1,9950.0,1.0,0.0
200,7475.0,Аналитика про,2026-08-22 19:40:16,2026-08-22,19,2818923a23be,2,8950.0,0.835195530726257,0.16480446927374304
200,7475.0,Аналитика старт,2026-08-22 19:40:16,2026-08-22,19,2818923a23be,2,8950.0,0.835195530726257,0.16480446927374304
263,8950.0,ML про,2026-08-22 19:53:10,2026-08-22,19,5b31ae9add7c,1,8950.0,1.0,0.0
559,8450.0,Алгоритмы,2026-08-23 04:11:37,2026-08-23,4,8594e8f67cd6,1,9950.0,0.8492462311557789,0.1507537688442211
338,7475.0,Аналитика про,2026-08-23 06:47:37,2026-08-23,6,d9e027beba12,2,8950.0,0.835195530726257,0.16480446927374304
338,7475.0,Аналитика старт,2026-08-23 06:47:37,2026-08-23,6,d9e027beba12,2,8950.0,0.835195530726257,0.16480446927374304
209,8950.0,Backend про,2026-08-23 06:58:29,2026-08-23,6,5e0dbafbf831,1,8950.0,1.0,0.0
221,7475.0,Аналитика про,2026-08-23 07:41:37,2026-08-23,7,2a5125674c27,2,8950.0,0.835195530726257,0.16480446927374304
221,7475.0,Аналитика старт,2026-08-23 07:41:37,2026-08-23,7,2a5125674c27,2,8950.0,0.835195530726257,0.16480446927374304
118,8450.0,Backend про,2026-08-23 08:24:45,2026-08-23,8,ef47d76cd917,1,8950.0,0.9441340782122905,0.05586592178770955
514,8950.0,ML старт,2026-08-23 09:48:08,2026-08-23,9,fe19a59e3958,1,8950.0,1.0,0.0
312,7475.0,Аналитика про,2026-08-23 09:59:13,2026-08-23,9,4ecb2ddb41b5,1,8950.0,0.835195530726257,0.16480446927374304
30,8950.0,ML про,2026-08-23 10:06:51,2026-08-23,10,9d1de41a35c1,1,8950.0,1.0,0.0
581,8950.0,ML про,2026-08-23 11:19:47,2026-08-23,11,39d1f9532289,1,8950.0,1.0,0.0
341,8950.0,ML про,2026-08-23 11:59:04,2026-08-23,11,1f88507333ab,1,8950.0,1.0,0.0
237,8950.0,AI агенты,2026-08-23 13:29:45,2026-08-23,13,b88df8343138,1,8950.0,1.0,0.0
447,8450.0,Backend про,2026-08-23 13:46:56,2026-08-23,13,7a7cdc6344a8,1,8950.0,0.9441340782122905,0.05586592178770955
98,7475.0,Аналитика про,2026-08-23 14:14:48,2026-08-23,14,0416df540d0d,2,8950.0,0.835195530726257,0.16480446927374304
98,7475.0,Аналитика старт,2026-08-23 14:14:48,2026-08-23,14,0416df540d0d,2,8950.0,0.835195530726257,0.16480446927374304
580,8950.0,AI агенты,2026-08-23 14:38:29,2026-08-23,14,0f4a8e82f034,1,8950.0,1.0,0.0
71,8450.0,Алгоритмы,2026-08-23 14:57:08,2026-08-23,14,077a637f54ab,1,9950.0,0.8492462311557789,0.1507537688442211
436,8450.0,Алгоритмы про,2026-08-23 15:04:52,2026-08-23,15,1149cc7faf2f,1,8950.0,0.9441340782122905,0.05586592178770955
229,8450.0,AI агенты,2026-08-23 15:38:51,2026-08-23,15,837f2de6f09d,1,8950.0,0.9441340782122905,0.05586592178770955
307,8450.0,Аналитика про,2026-08-23 15:39:57,2026-08-23,15,96a77b9dc0b7,1,8950.0,0.9441340782122905,0.05586592178770955
235,8450.0,AI агенты,2026-08-23 16:04:24,2026-08-23,16,fe84d2e14fa3,1,8950.0,0.9441340782122905,0.05586592178770955
430,8000.0,К ВУЗу,2026-08-23 16:17:56,2026-08-23,16,563b218c4619,1,6950.0,1.1510791366906474,0.0
172,8950.0,AI агенты,2026-08-23 16:29:57,2026-08-23,16,a59c932ade0e,1,8950.0,1.0,0.0
315,7475.0,Backend про,2026-08-23 16:40:25,2026-08-23,16,244a68facfe1,2,8950.0,0.835195530726257,0.16480446927374304
315,7475.0,AI агенты,2026-08-23 16:40:25,2026-08-23,16,244a68facfe1,2,8950.0,0.835195530726257,0.16480446927374304
149,8950.0,ML про,2026-08-23 16:50:14,2026-08-23,16,8f9af576113d,1,8950.0,1.0,0.0
290,7475.0,Аналитика старт,2026-08-23 16:53:02,2026-08-23,16,d138c97a89ef,1,8950.0,0.835195530726257,0.16480446927374304
557,8950.0,ML про,2026-08-23 16:56:11,2026-08-23,16,1fcebeea1236,1,8950.0,1.0,0.0
513,6975.0,AI агенты,2026-08-23 17:34:10,2026-08-23,17,fd77f2b66a8c,2,8950.0,0.7793296089385475,0.22067039106145248
513,6975.0,Алгоритмы про,2026-08-23 17:34:10,2026-08-23,17,fd77f2b66a8c,2,8950.0,0.7793296089385475,0.22067039106145248
424,7475.0,AI агенты,2026-08-23 17:45:31,2026-08-23,17,6ab400c1ea24,2,8950.0,0.835195530726257,0.16480446927374304
424,7475.0,Аналитика про,2026-08-23 17:45:31,2026-08-23,17,6ab400c1ea24,2,8950.0,0.835195530726257,0.16480446927374304
216,7475.0,AI агенты,2026-08-23 18:13:18,2026-08-23,18,c2a6a4b93f24,1,8950.0,0.835195530726257,0.16480446927374304
367,8245.0,Аналитика старт,2026-08-23 18:18:15,2026-08-23,18,589b38248688,1,8950.0,0.9212290502793297,0.07877094972067034
542,8950.0,Backend старт,2026-08-23 18:26:56,2026-08-23,18,f188bc9c8388,1,8950.0,1.0,0.0
107,6975.0,Аналитика про,2026-08-23 18:28:17,2026-08-23,18,0518e64da95a,2,8950.0,0.7793296089385475,0.22067039106145248
107,6975.0,AI агенты,2026-08-23 18:28:17,2026-08-23,18,0518e64da95a,2,8950.0,0.7793296089385475,0.22067039106145248
298,6975.0,Аналитика про,2026-08-23 18:48:14,2026-08-23,18,b3943c15caf1,1,8950.0,0.7793296089385475,0.22067039106145248
95,7475.0,AI агенты,2026-08-23 19:08:11,2026-08-23,19,bc4861797ffc,2,8950.0,0.835195530726257,0.16480446927374304
95,7475.0,Аналитика про,2026-08-23 19:08:11,2026-08-23,19,bc4861797ffc,2,8950.0,0.835195530726257,0.16480446927374304
203,7475.0,AI агенты,2026-08-23 20:42:20,2026-08-23,20,f2bc69395a3c,2,8950.0,0.835195530726257,0.16480446927374304
203,7475.0,Аналитика про,2026-08-23 20:42:20,2026-08-23,20,f2bc69395a3c,2,8950.0,0.835195530726257,0.16480446927374304
539,8950.0,AI агенты,2026-08-23 20:55:41,2026-08-23,20,769a3118d3e2,1,8950.0,1.0,0.0
257,8450.0,Backend про,2026-08-23 20:56:06,2026-08-23,20,e841f0b2f196,1,8950.0,0.9441340782122905,0.05586592178770955
360,8950.0,AI агенты,2026-08-23 20:57:22,2026-08-23,20,9f26b164ccf6,1,8950.0,1.0,0.0
213,8950.0,Аналитика про,2026-08-23 20:58:38,2026-08-23,20,3dc0a4e12757,1,8950.0,1.0,0.0
104,7475.0,AI агенты,2026-08-23 21:00:30,2026-08-23,21,d96ab23a6323,2,8950.0,0.835195530726257,0.16480446927374304
104,7475.0,ML про,2026-08-23 21:00:30,2026-08-23,21,d96ab23a6323,2,8950.0,0.835195530726257,0.16480446927374304
91,8950.0,ML старт,2026-08-24 00:44:40,2026-08-24,0,5a654c848b9b,1,8950.0,1.0,0.0
357,9950.0,Теория вероятностей,2026-08-24 02:46:33,2026-08-24,2,fb942ac8ee2b,1,9950.0,1.0,0.0
440,7475.0,ML про,2026-08-24 03:20:05,2026-08-24,3,02ddaf96fba0,1,8950.0,0.835195530726257,0.16480446927374304
215,6975.0,Алгоритмы про,2026-08-24 03:22:36,2026-08-24,3,3b56a0738c71,1,8950.0,0.7793296089385475,0.22067039106145248
549,8222.5,AI агенты,2026-08-24 05:25:17,2026-08-24,5,ce4f5a1eaaa1,2,8950.0,0.9187150837988827,0.08128491620111733
549,8222.5,Backend про,2026-08-24 05:25:17,2026-08-24,5,ce4f5a1eaaa1,2,8950.0,0.9187150837988827,0.08128491620111733
425,8503.0,AI агенты,2026-08-24 07:03:39,2026-08-24,7,39804d3c32b8,1,8950.0,0.9500558659217877,0.0499441340782123
489,8850.0,ML старт,2026-08-24 08:47:25,2026-08-24,8,b163d49bf81b,1,8950.0,0.9888268156424581,0.011173184357541888
243,8950.0,AI агенты,2026-08-24 10:40:35,2026-08-24,10,8587e385bee9,1,8950.0,1.0,0.0
268,8950.0,AI агенты,2026-08-24 12:52:49,2026-08-24,12,87db1540a815,1,8950.0,1.0,0.0
529,7475.0,Алгоритмы про,2026-08-24 13:11:03,2026-08-24,13,6a4aab917001,2,8950.0,0.835195530726257,0.16480446927374304
529,7475.0,Алгоритмы старт,2026-08-24 13:11:03,2026-08-24,13,6a4aab917001,2,8950.0,0.835195530726257,0.16480446927374304
368,8950.0,Аналитика про,2026-08-24 14:21:10,2026-08-24,14,408eb03891ba,1,8950.0,1.0,0.0
141,7475.0,Алгоритмы старт,2026-08-24 14:48:12,2026-08-24,14,8116be4ef2ba,1,8950.0,0.835195530726257,0.16480446927374304
192,7475.0,ML про,2026-08-24 15:05:04,2026-08-24,15,ddb8842ae45b,2,8950.0,0.835195530726257,0.16480446927374304
192,7475.0,AI агенты,2026-08-24 15:05:04,2026-08-24,15,ddb8842ae45b,2,8950.0,0.835195530726257,0.16480446927374304
475,9950.0,Линейная алгебра,2026-08-24 15:16:31,2026-08-24,15,a88288ff304d,1,9950.0,1.0,0.0
85,8950.0,Аналитика про,2026-08-24 15:57:32,2026-08-24,15,8f455aa5907b,1,8950.0,1.0,0.0
194,8950.0,Алгоритмы старт,2026-08-24 16:25:21,2026-08-24,16,79bcd052d82e,1,8950.0,1.0,0.0
111,8950.0,Аналитика про,2026-08-24 16:49:26,2026-08-24,16,d301b24b0fb7,1,8950.0,1.0,0.0
299,8950.0,Аналитика про,2026-08-24 16:58:19,2026-08-24,16,74e6fefa0dfc,1,8950.0,1.0,0.0
201,6950.0,Data Science,2026-08-24 17:28:20,2026-08-24,17,07aacec0f777,1,6950.0,1.0,0.0
263,6000.0,AI агенты,2026-08-25 03:19:38,2026-08-25,3,d43f1940603d,1,8950.0,0.6703910614525139,0.3296089385474861
583,8950.0,AI агенты,2026-08-25 04:27:38,2026-08-25,4,cb3f3ba6ce86,1,8950.0,1.0,0.0
168,7475.0,AI агенты,2026-08-25 06:26:04,2026-08-25,6,b4b1b83d4986,2,8950.0,0.835195530726257,0.16480446927374304
168,7475.0,ML про,2026-08-25 06:26:04,2026-08-25,6,b4b1b83d4986,2,8950.0,0.835195530726257,0.16480446927374304
165,8450.0,Аналитика про,2026-08-25 07:21:38,2026-08-25,7,6bffb33d9870,1,8950.0,0.9441340782122905,0.05586592178770955
455,8950.0,Backend старт,2026-08-25 07:53:50,2026-08-25,7,386a8a06b0a4,1,8950.0,1.0,0.0
148,7475.0,AI агенты,2026-08-25 09:49:25,2026-08-25,9,1ff7f9433be7,1,8950.0,0.835195530726257,0.16480446927374304
116,7475.0,АВ тестам,2026-08-25 10:01:02,2026-08-25,10,9f3e6fb2d8ae,2,8191.0,0.9125869857160298,0.08741301428397019
116,7475.0,Аналитика про,2026-08-25 10:01:02,2026-08-25,10,9f3e6fb2d8ae,2,8950.0,0.835195530726257,0.16480446927374304
121,8950.0,AI агенты,2026-08-25 11:38:56,2026-08-25,11,80e8328b33c1,1,8950.0,1.0,0.0
138,5750.0,ML про,2026-08-25 12:39:08,2026-08-25,12,5f697b600306,1,8950.0,0.6424581005586593,0.35754189944134074
463,8950.0,ML про,2026-08-25 13:16:31,2026-08-25,13,13399b062dff,1,8950.0,1.0,0.0
560,8950.0,AI агенты,2026-08-25 14:09:51,2026-08-25,14,58332863fb09,1,8950.0,1.0,0.0
140,8450.0,Аналитика старт,2026-08-25 16:01:50,2026-08-25,16,d5732575f543,1,8950.0,0.9441340782122905,0.05586592178770955
202,7475.0,AI агенты,2026-08-25 19:24:14,2026-08-25,19,ce536ea84dbc,2,8950.0,0.835195530726257,0.16480446927374304
202,7475.0,Backend про,2026-08-25 19:24:14,2026-08-25,19,ce536ea84dbc,2,8950.0,0.835195530726257,0.16480446927374304
452,8450.0,AI агенты,2026-08-25 21:09:34,2026-08-25,21,f9baaa96465d,1,8950.0,0.9441340782122905,0.05586592178770955
269,7475.0,Backend про,2026-08-25 22:26:03,2026-08-25,22,ebbcfa6bf19b,1,8950.0,0.835195530726257,0.16480446927374304
163,8450.0,AI агенты,2026-08-26 01:23:32,2026-08-26,1,77f070483b52,1,8950.0,0.9441340782122905,0.05586592178770955
418,7475.0,Backend про,2026-08-26 04:03:43,2026-08-26,4,b59220a2c833,2,8950.0,0.835195530726257,0.16480446927374304
418,7475.0,Backend старт,2026-08-26 04:03:43,2026-08-26,4,b59220a2c833,2,8950.0,0.835195530726257,0.16480446927374304
552,7475.0,Аналитика про,2026-08-26 04:37:12,2026-08-26,4,520431ba00a7,1,8950.0,0.835195530726257,0.16480446927374304
605,8950.0,Алгоритмы про,2026-08-26 07:26:53,2026-08-26,7,c019fd860b9b,1,8950.0,1.0,0.0
178,8950.0,AI агенты,2026-08-26 09:15:13,2026-08-26,9,3690b488a128,1,8950.0,1.0,0.0
599,8950.0,Аналитика старт,2026-08-26 12:25:10,2026-08-26,12,c46af45e1125,1,8950.0,1.0,0.0
466,8950.0,ML про,2026-08-26 13:56:39,2026-08-26,13,90c3a3987443,1,8950.0,1.0,0.0
255,8950.0,ML старт,2026-08-26 14:52:53,2026-08-26,14,ae082f4a375d,1,8950.0,1.0,0.0
587,8450.0,AI агенты,2026-08-26 21:47:21,2026-08-26,21,d284df4f5e3b,1,8950.0,0.9441340782122905,0.05586592178770955
136,7475.0,Backend про,2026-08-27 08:57:04,2026-08-27,8,8ec3e9569384,2,8950.0,0.835195530726257,0.16480446927374304
136,7475.0,AI агенты,2026-08-27 08:57:04,2026-08-27,8,8ec3e9569384,2,8950.0,0.835195530726257,0.16480446927374304
506,8950.0,AI агенты,2026-08-27 12:29:06,2026-08-27,12,3110cfe8573c,1,8950.0,1.0,0.0
526,8950.0,AI агенты,2026-08-27 13:32:56,2026-08-27,13,c606bea6381c,1,8950.0,1.0,0.0
185,6975.0,AI агенты,2026-08-27 14:36:47,2026-08-27,14,ebbc6d2a5bc9,2,8950.0,0.7793296089385475,0.22067039106145248
185,6975.0,ML про,2026-08-27 14:36:47,2026-08-27,14,ebbc6d2a5bc9,2,8950.0,0.7793296089385475,0.22067039106145248
568,7475.0,ML старт,2026-08-27 15:10:07,2026-08-27,15,66deeb32c371,2,8950.0,0.835195530726257,0.16480446927374304
568,7475.0,Аналитика про,2026-08-27 15:10:07,2026-08-27,15,66deeb32c371,2,8950.0,0.835195530726257,0.16480446927374304
191,7462.5,AI агенты,2026-08-27 15:11:14,2026-08-27,15,b00f81225ca8,4,8950.0,0.8337988826815642,0.1662011173184358
191,7462.5,Алгоритмы,2026-08-27 15:11:14,2026-08-27,15,b00f81225ca8,4,9950.0,0.75,0.25
191,7462.5,Мат анализ,2026-08-27 15:11:14,2026-08-27,15,b00f81225ca8,4,9950.0,0.75,0.25
191,7462.5,Теория вероятностей,2026-08-27 15:11:14,2026-08-27,15,b00f81225ca8,4,9950.0,0.75,0.25
39,9950.0,Мат анализ,2026-08-27 17:02:28,2026-08-27,17,84abd7d7504c,1,9950.0,1.0,0.0
61,6975.0,ML старт,2026-08-27 19:44:33,2026-08-27,19,2b9a664542d5,2,8950.0,0.7793296089385475,0.22067039106145248
61,6975.0,ML про,2026-08-27 19:44:33,2026-08-27,19,2b9a664542d5,2,8950.0,0.7793296089385475,0.22067039106145248
11,6975.0,ML старт,2026-08-27 20:09:27,2026-08-27,20,e7c83c17b7fe,1,8950.0,0.7793296089385475,0.22067039106145248
122,7475.0,ML про,2026-08-27 20:55:44,2026-08-27,20,9df4904b3c3b,2,8950.0,0.835195530726257,0.16480446927374304
122,7475.0,ML старт,2026-08-27 20:55:44,2026-08-27,20,9df4904b3c3b,2,8950.0,0.835195530726257,0.16480446927374304
177,8950.0,Аналитика старт,2026-08-28 10:47:56,2026-08-28,10,59c756a6082c,1,8950.0,1.0,0.0
219,9950.0,Мат анализ,2026-08-28 13:23:53,2026-08-28,13,4069c787a001,1,9950.0,1.0,0.0
322,7475.0,ML про,2026-08-28 14:03:47,2026-08-28,14,85fef313b596,2,8950.0,0.835195530726257,0.16480446927374304
322,7475.0,Алгоритмы старт,2026-08-28 14:03:47,2026-08-28,14,85fef313b596,2,8950.0,0.835195530726257,0.16480446927374304
289,8950.0,AI агенты,2026-08-28 16:24:51,2026-08-28,16,43bc88230a0f,1,8950.0,1.0,0.0
29,8450.0,Backend старт,2026-08-28 18:20:56,2026-08-28,18,a7cfe5f8d8c0,1,8950.0,0.9441340782122905,0.05586592178770955
314,8950.0,Аналитика старт,2026-08-28 18:44:36,2026-08-28,18,08b3af4cdb74,1,8950.0,1.0,0.0
236,7475.0,ML про,2026-08-29 05:27:29,2026-08-29,5,bdb935cd7ae5,1,8950.0,0.835195530726257,0.16480446927374304
340,5975.0,Аналитика старт,2026-08-29 09:29:52,2026-08-29,9,a745d138d042,2,8950.0,0.6675977653631285,0.33240223463687146
340,5975.0,АВ тестам,2026-08-29 09:29:52,2026-08-29,9,a745d138d042,2,8191.0,0.7294591624954218,0.27054083750457825
393,9450.0,Мат анализ,2026-08-29 09:45:18,2026-08-29,9,de8e76e07183,1,9950.0,0.949748743718593,0.05025125628140703
144,4475.0,Аналитика про,2026-08-29 11:51:08,2026-08-29,11,3b8e1d3d69d3,2,8950.0,0.5,0.5
144,4475.0,Аналитика старт,2026-08-29 11:51:08,2026-08-29,11,3b8e1d3d69d3,2,8950.0,0.5,0.5
242,8950.0,ML про,2026-08-29 13:44:52,2026-08-29,13,86d1547179a4,1,8950.0,1.0,0.0
27,8950.0,ML про,2026-08-29 14:47:39,2026-08-29,14,04f698cfee73,1,8950.0,1.0,0.0
99,8450.0,AI агенты,2026-08-29 19:35:36,2026-08-29,19,db4b265593d5,1,8950.0,0.9441340782122905,0.05586592178770955
483,8450.0,AI агенты,2026-08-29 19:38:52,2026-08-29,19,0e0bfebd2866,1,8950.0,0.9441340782122905,0.05586592178770955
432,8950.0,Backend про,2026-08-29 19:39:58,2026-08-29,19,ece2949b55f8,1,8950.0,1.0,0.0
585,6975.0,AI агенты,2026-08-29 19:40:39,2026-08-29,19,fdaad9a169f2,2,8950.0,0.7793296089385475,0.22067039106145248
585,6975.0,ML про,2026-08-29 19:40:39,2026-08-29,19,fdaad9a169f2,2,8950.0,0.7793296089385475,0.22067039106145248
285,6975.0,ML про,2026-08-30 08:22:49,2026-08-30,8,2b61855a5354,2,8950.0,0.7793296089385475,0.22067039106145248
285,6975.0,AI агенты,2026-08-30 08:22:49,2026-08-30,8,2b61855a5354,2,8950.0,0.7793296089385475,0.22067039106145248
535,7475.0,Backend старт,2026-08-30 08:24:30,2026-08-30,8,3e5ec862deff,2,8950.0,0.835195530726257,0.16480446927374304
535,7475.0,Алгоритмы старт,2026-08-30 08:24:30,2026-08-30,8,3e5ec862deff,2,8950.0,0.835195530726257,0.16480446927374304
573,8950.0,AI агенты,2026-08-30 09:39:42,2026-08-30,9,7184d722dfe3,1,8950.0,1.0,0.0
531,8950.0,Backend старт,2026-08-30 10:04:17,2026-08-30,10,e182123afaa8,1,8950.0,1.0,0.0
432,8545.0,AI агенты,2026-08-30 10:31:12,2026-08-30,10,1f78cccbada6,1,8950.0,0.9547486033519553,0.04525139664804467
411,8545.0,AI агенты,2026-08-30 11:21:33,2026-08-30,11,2cd26c2fb151,1,8950.0,0.9547486033519553,0.04525139664804467
284,6975.0,ML про,2026-08-30 11:56:49,2026-08-30,11,11680ec64cbc,1,8950.0,0.7793296089385475,0.22067039106145248
534,8450.0,AI агенты,2026-08-30 12:55:04,2026-08-30,12,874e99fe8431,1,8950.0,0.9441340782122905,0.05586592178770955
145,8950.0,Аналитика про,2026-08-30 13:06:05,2026-08-30,13,da7a16823aa1,1,8950.0,1.0,0.0
81,8450.0,AI агенты,2026-08-30 13:44:26,2026-08-30,13,176b0a007fee,1,8950.0,0.9441340782122905,0.05586592178770955
76,6975.0,Аналитика про,2026-08-30 14:48:44,2026-08-30,14,af43d8140545,2,8950.0,0.7793296089385475,0.22067039106145248
76,6975.0,Алгоритмы про,2026-08-30 14:48:44,2026-08-30,14,af43d8140545,2,8950.0,0.7793296089385475,0.22067039106145248
565,6975.0,Алгоритмы про,2026-08-30 15:30:24,2026-08-30,15,39f9e05d3971,2,8950.0,0.7793296089385475,0.22067039106145248
565,6975.0,Алгоритмы старт,2026-08-30 15:30:24,2026-08-30,15,39f9e05d3971,2,8950.0,0.7793296089385475,0.22067039106145248
437,1000.0,AI агенты,2026-08-30 16:16:42,2026-08-30,16,fa301ce537b6,1,8950.0,0.11173184357541899,0.888268156424581
253,8950.0,AI агенты,2026-08-30 17:04:49,2026-08-30,17,2de8fae7e4d8,1,8950.0,1.0,0.0
241,8950.0,Backend старт,2026-08-30 17:07:59,2026-08-30,17,80ef54a940f6,1,8950.0,1.0,0.0
25,8450.0,ML про,2026-08-30 18:34:15,2026-08-30,18,e4c140ead9a0,1,8950.0,0.9441340782122905,0.05586592178770955
566,8450.0,ML про,2026-08-30 18:45:42,2026-08-30,18,0bd470ab988a,1,8950.0,0.9441340782122905,0.05586592178770955
274,6975.0,Аналитика про,2026-08-30 23:37:30,2026-08-30,23,fa9e4827aac4,1,8950.0,0.7793296089385475,0.22067039106145248
14,8950.0,AI агенты,2026-08-30 23:52:21,2026-08-30,23,1e29fc4a0fd0,1,8950.0,1.0,0.0
90,6975.0,Алгоритмы старт,2026-08-31 01:05:18,2026-08-31,1,83683099a31d,1,8950.0,0.7793296089385475,0.22067039106145248
538,7475.0,Алгоритмы старт,2026-08-31 06:14:52,2026-08-31,6,083447f65b83,2,8950.0,0.835195530726257,0.16480446927374304
538,7475.0,Backend старт,2026-08-31 06:14:52,2026-08-31,6,083447f65b83,2,8950.0,0.835195530726257,0.16480446927374304
157,7475.0,AI агенты,2026-08-31 06:39:53,2026-08-31,6,cb84b9d4d53d,2,8950.0,0.835195530726257,0.16480446927374304
157,7475.0,ML про,2026-08-31 06:39:53,2026-08-31,6,cb84b9d4d53d,2,8950.0,0.835195530726257,0.16480446927374304
134,6975.0,Алгоритмы про,2026-08-31 08:06:47,2026-08-31,8,5c649ef1ed04,1,8950.0,0.7793296089385475,0.22067039106145248
267,8950.0,Аналитика про,2026-08-31 08:26:17,2026-08-31,8,70efdca5b92b,1,8950.0,1.0,0.0
387,8545.0,AI агенты,2026-08-31 09:09:41,2026-08-31,9,a18a25c494e9,1,8950.0,0.9547486033519553,0.04525139664804467
403,8950.0,Backend про,2026-08-31 10:18:44,2026-08-31,10,dba831d97268,1,8950.0,1.0,0.0
497,8950.0,Backend про,2026-08-31 12:11:14,2026-08-31,12,661a1588f84e,1,8950.0,1.0,0.0
26,8975.0,Backend про,2026-08-31 14:03:44,2026-08-31,14,8865d5892d20,2,8950.0,1.0027932960893855,0.0
26,8975.0,Дискретка,2026-08-31 14:03:44,2026-08-31,14,8865d5892d20,2,8245.0,1.0885385081867798,0.0
503,7471.5,Аналитика старт,2026-08-31 14:40:32,2026-08-31,14,14a745f1e673,2,8950.0,0.834804469273743,0.16519553072625703
503,7471.5,Аналитика про,2026-08-31 14:40:32,2026-08-31,14,14a745f1e673,2,8950.0,0.834804469273743,0.16519553072625703
4,8950.0,AI агенты,2026-08-31 15:42:34,2026-08-31,15,67aafe81d47d,1,8950.0,1.0,0.0
599,8950.0,Аналитика про,2026-08-31 16:05:26,2026-08-31,16,4975a4218b28,1,8950.0,1.0,0.0
305,7475.0,Алгоритмы про,2026-08-31 17:03:19,2026-08-31,17,baec1aec4214,2,8950.0,0.835195530726257,0.16480446927374304
305,7475.0,Алгоритмы старт,2026-08-31 17:03:19,2026-08-31,17,baec1aec4214,2,8950.0,0.835195530726257,0.16480446927374304
239,8450.0,Аналитика про,2026-08-31 17:06:09,2026-08-31,17,2f7932a6a56a,1,8950.0,0.9441340782122905,0.05586592178770955
77,8450.0,Аналитика про,2026-08-31 17:54:30,2026-08-31,17,17c8258aadc2,1,8950.0,0.9441340782122905,0.05586592178770955
171,8950.0,Аналитика про,2026-08-31 18:20:33,2026-08-31,18,3032d270b81b,1,8950.0,1.0,0.0
272,8950.0,Аналитика про,2026-08-31 18:34:40,2026-08-31,18,b78136c12c8d,1,8950.0,1.0,0.0
324,8450.0,AI агенты,2026-08-31 19:22:31,2026-08-31,19,b833d2db3c67,1,8950.0,0.9441340782122905,0.05586592178770955
301,8975.0,Аналитика старт,2026-08-31 20:57:15,2026-08-31,20,364ffad0c024,2,8950.0,1.0027932960893855,0.0
301,8975.0,ML старт,2026-08-31 20:57:15,2026-08-31,20,364ffad0c024,2,8950.0,1.0027932960893855,0.0
390,8975.0,Аналитика старт,2026-09-01 02:23:30,2026-09-01,2,b96b3d78f1fd,1,8950.0,1.0027932960893855,0.0
189,8945.0,Аналитика старт,2026-09-01 07:49:46,2026-09-01,7,ffe3ba056663,1,8950.0,0.9994413407821229,0.0005586592178771221
495,7475.0,ML про,2026-09-01 10:30:21,2026-09-01,10,cc7de95a48fe,2,8950.0,0.835195530726257,0.16480446927374304
495,7475.0,ML старт,2026-09-01 10:30:21,2026-09-01,10,cc7de95a48fe,2,8950.0,0.835195530726257,0.16480446927374304
296,8950.0,Аналитика старт,2026-09-01 10:46:43,2026-09-01,10,f6b2958f761b,1,8950.0,1.0,0.0
195,8450.0,AI агенты,2026-09-01 10:54:53,2026-09-01,10,801f420d2525,1,8950.0,0.9441340782122905,0.05586592178770955
524,8945.0,Аналитика про,2026-09-01 11:54:01,2026-09-01,11,c70ebf375967,1,8950.0,0.9994413407821229,0.0005586592178771221
423,7475.0,ML про,2026-09-01 12:44:58,2026-09-01,12,0a58db94e9d3,1,8950.0,0.835195530726257,0.16480446927374304
115,8945.0,Аналитика про,2026-09-01 13:09:50,2026-09-01,13,3a8b3769c779,1,8950.0,0.9994413407821229,0.0005586592178771221
247,7475.0,ML про,2026-09-01 14:59:35,2026-09-01,14,afd112f15df2,2,8950.0,0.835195530726257,0.16480446927374304
247,7475.0,ML старт,2026-09-01 14:59:35,2026-09-01,14,afd112f15df2,2,8950.0,0.835195530726257,0.16480446927374304
144,8950.0,Аналитика про,2026-09-01 15:30:39,2026-09-01,15,c52567afce41,1,8950.0,1.0,0.0
547,7475.0,Backend про,2026-09-01 15:53:22,2026-09-01,15,77ae5605efd2,2,8950.0,0.835195530726257,0.16480446927374304
547,7475.0,Алгоритмы про,2026-09-01 15:53:22,2026-09-01,15,77ae5605efd2,2,8950.0,0.835195530726257,0.16480446927374304
226,7475.0,ML старт,2026-09-01 17:03:44,2026-09-01,17,13e8f7a4e6cc,1,8950.0,0.835195530726257,0.16480446927374304
34,8945.0,Аналитика про,2026-09-01 17:23:37,2026-09-01,17,fc01efe4b8d5,1,8950.0,0.9994413407821229,0.0005586592178771221
231,8245.0,Алгоритмы,2026-09-01 18:08:01,2026-09-01,18,ccb494da762c,5,9950.0,0.828643216080402,0.17135678391959797
231,8245.0,Дискретка,2026-09-01 18:08:01,2026-09-01,18,ccb494da762c,5,8245.0,1.0,0.0
231,8245.0,Линейная алгебра,2026-09-01 18:08:01,2026-09-01,18,ccb494da762c,5,9950.0,0.828643216080402,0.17135678391959797
231,8245.0,Мат анализ,2026-09-01 18:08:01,2026-09-01,18,ccb494da762c,5,9950.0,0.828643216080402,0.17135678391959797
231,8245.0,Теория вероятностей,2026-09-01 18:08:01,2026-09-01,18,ccb494da762c,5,9950.0,0.828643216080402,0.17135678391959797
181,8950.0,Аналитика про,2026-09-01 18:44:37,2026-09-01,18,68c8778791f1,1,8950.0,1.0,0.0
343,8950.0,ML старт,2026-09-01 19:07:54,2026-09-01,19,272da397445a,1,8950.0,1.0,0.0
114,6975.0,AI агенты,2026-09-01 19:16:56,2026-09-01,19,fa0f1c58e184,2,8950.0,0.7793296089385475,0.22067039106145248
114,6975.0,ML про,2026-09-01 19:16:56,2026-09-01,19,fa0f1c58e184,2,8950.0,0.7793296089385475,0.22067039106145248
88,8950.0,AI агенты,2026-09-01 19:27:16,2026-09-01,19,0f62c96049be,1,8950.0,1.0,0.0
139,6975.0,ML старт,2026-09-01 20:30:07,2026-09-01,20,d3b65566363b,2,8950.0,0.7793296089385475,0.22067039106145248
139,6975.0,AI агенты,2026-09-01 20:30:07,2026-09-01,20,d3b65566363b,2,8950.0,0.7793296089385475,0.22067039106145248
37,5750.0,Backend про,2026-09-02 04:13:14,2026-09-02,4,1fa4d54b47f4,1,8950.0,0.6424581005586593,0.35754189944134074
558,8245.0,Линейная алгебра,2026-09-02 08:49:58,2026-09-02,8,af1aab29a224,1,9950.0,0.828643216080402,0.17135678391959797
288,8945.0,Аналитика про,2026-09-02 08:57:12,2026-09-02,8,8ad7c64159d4,1,8950.0,0.9994413407821229,0.0005586592178771221
486,8950.0,Backend про,2026-09-02 09:28:52,2026-09-02,9,fc5a50676ff9,1,8950.0,1.0,0.0
555,7475.0,Алгоритмы про,2026-09-02 09:38:46,2026-09-02,9,9582603dbf60,2,8950.0,0.835195530726257,0.16480446927374304
555,7475.0,Алгоритмы старт,2026-09-02 09:38:46,2026-09-02,9,9582603dbf60,2,8950.0,0.835195530726257,0.16480446927374304
551,8950.0,Backend про,2026-09-02 09:58:19,2026-09-02,9,31aec38c975f,1,8950.0,1.0,0.0
419,7475.0,ML про,2026-09-02 10:06:52,2026-09-02,10,909de2108a38,2,8950.0,0.835195530726257,0.16480446927374304
419,7475.0,Алгоритмы про,2026-09-02 10:06:52,2026-09-02,10,909de2108a38,2,8950.0,0.835195530726257,0.16480446927374304
182,8950.0,Backend про,2026-09-02 10:14:11,2026-09-02,10,b1dfbfbbca1a,1,8950.0,1.0,0.0
244,8950.0,Алгоритмы старт,2026-09-02 10:24:40,2026-09-02,10,e49f31efa4f6,1,8950.0,1.0,0.0
50,8950.0,Алгоритмы старт,2026-09-02 10:32:55,2026-09-02,10,80fce9a36763,1,8950.0,1.0,0.0
541,7475.0,Алгоритмы старт,2026-09-02 10:48:17,2026-09-02,10,32c1740fb284,2,8950.0,0.835195530726257,0.16480446927374304
541,7475.0,Аналитика старт,2026-09-02 10:48:17,2026-09-02,10,32c1740fb284,2,8950.0,0.835195530726257,0.16480446927374304
523,8450.0,Backend про,2026-09-02 11:00:48,2026-09-02,11,78119ffc1152,1,8950.0,0.9441340782122905,0.05586592178770955
266,10000.0,Мат анализ,2026-09-02 11:33:22,2026-09-02,11,661e60804187,1,9950.0,1.0050251256281406,0.0
128,8945.0,Аналитика про,2026-09-02 11:55:47,2026-09-02,11,9bbf1353f973,1,8950.0,0.9994413407821229,0.0005586592178771221
385,5975.0,АВ тестам,2026-09-02 14:17:34,2026-09-02,14,546dc93041a8,2,8191.0,0.7294591624954218,0.27054083750457825
385,5975.0,Аналитика старт,2026-09-02 14:17:34,2026-09-02,14,546dc93041a8,2,8950.0,0.6675977653631285,0.33240223463687146
355,8450.0,Backend про,2026-09-02 14:30:26,2026-09-02,14,2ab900aae405,1,8950.0,0.9441340782122905,0.05586592178770955
572,8945.0,Аналитика про,2026-09-02 14:54:22,2026-09-02,14,869f90a92e31,1,8950.0,0.9994413407821229,0.0005586592178771221
422,9450.0,Теория вероятностей,2026-09-02 15:30:05,2026-09-02,15,b11a3e83afd6,1,9950.0,0.949748743718593,0.05025125628140703
493,9950.0,Линейная алгебра,2026-09-02 16:44:53,2026-09-02,16,9355ec07918b,1,9950.0,1.0,0.0
264,4225.0,Алгоритмы,2026-09-02 18:37:57,2026-09-02,18,f1644e15b7ca,2,9950.0,0.42462311557788945,0.5753768844221105
264,4225.0,Backend про,2026-09-02 18:37:57,2026-09-02,18,f1644e15b7ca,2,8950.0,0.4720670391061452,0.5279329608938548
6,8450.0,Аналитика про,2026-09-02 19:16:28,2026-09-02,19,e2332e3a40bf,1,8950.0,0.9441340782122905,0.05586592178770955
404,7475.0,Алгоритмы про,2026-09-02 19:30:00,2026-09-02,19,7d59fd239db0,1,8950.0,0.835195530726257,0.16480446927374304
35,4225.0,Backend про,2026-09-02 22:38:59,2026-09-02,22,a3780a28950d,1,8950.0,0.4720670391061452,0.5279329608938548
450,8950.0,Backend про,2026-09-03 06:06:37,2026-09-03,6,ce84d534b815,1,8950.0,1.0,0.0
504,5975.0,Аналитика старт,2026-09-03 06:27:49,2026-09-03,6,964c9e77f953,1,8950.0,0.6675977653631285,0.33240223463687146
273,8950.0,ML про,2026-09-03 08:17:51,2026-09-03,8,8e7655cdbc93,1,8950.0,1.0,0.0
508,5750.0,Backend про,2026-09-03 08:29:32,2026-09-03,8,193336f2760d,1,8950.0,0.6424581005586593,0.35754189944134074
395,8950.0,ML про,2026-09-03 11:18:32,2026-09-03,11,4f9aa573a827,1,8950.0,1.0,0.0
271,7475.0,ML про,2026-09-03 12:55:50,2026-09-03,12,b3023e727f15,2,8950.0,0.835195530726257,0.16480446927374304
271,7475.0,Алгоритмы про,2026-09-03 12:55:50,2026-09-03,12,b3023e727f15,2,8950.0,0.835195530726257,0.16480446927374304
9,8950.0,Аналитика про,2026-09-03 14:55:45,2026-09-03,14,cb811bc4b714,1,8950.0,1.0,0.0
205,8950.0,Аналитика про,2026-09-03 15:01:50,2026-09-03,15,21716bc423f8,1,8950.0,1.0,0.0
230,8950.0,Аналитика про,2026-09-03 15:07:18,2026-09-03,15,4c95c0bf5f1e,1,8950.0,1.0,0.0
330,7475.0,Аналитика про,2026-09-03 15:10:16,2026-09-03,15,b4cd11ad5031,2,8950.0,0.835195530726257,0.16480446927374304
330,7475.0,Аналитика старт,2026-09-03 15:10:16,2026-09-03,15,b4cd11ad5031,2,8950.0,0.835195530726257,0.16480446927374304
376,6950.0,К ВУЗу,2026-09-03 15:43:04,2026-09-03,15,85eaba9c6b93,1,6950.0,1.0,0.0
352,8450.0,Алгоритмы про,2026-09-03 16:22:06,2026-09-03,16,8382d09e2908,1,8950.0,0.9441340782122905,0.05586592178770955
345,8950.0,Аналитика про,2026-09-03 16:33:15,2026-09-03,16,245194275739,1,8950.0,1.0,0.0
252,8950.0,Backend про,2026-09-03 16:36:15,2026-09-03,16,5173a53b0ced,1,8950.0,1.0,0.0
318,8450.0,Аналитика про,2026-09-03 17:23:38,2026-09-03,17,0c9d59c86a7e,1,8950.0,0.9441340782122905,0.05586592178770955
402,8450.0,ML про,2026-09-03 17:30:08,2026-09-03,17,b02d068d383e,1,8950.0,0.9441340782122905,0.05586592178770955
594,5000.0,AI агенты,2026-09-03 18:16:38,2026-09-03,18,fb82fd1ed8c8,1,8950.0,0.5586592178770949,0.44134078212290506
561,18900.0,Теория вероятностей,2026-09-03 18:55:28,2026-09-03,18,68ccc38f78a4,1,9950.0,1.5,0.0
409,5000.0,AI агенты,2026-09-03 21:58:56,2026-09-03,21,f562632929c1,1,8950.0,0.5586592178770949,0.44134078212290506
3,5975.0,АВ тестам,2026-09-03 22:47:02,2026-09-03,22,c65391e0ea77,1,8191.0,0.7294591624954218,0.27054083750457825
601,7475.0,AI агенты,2026-09-04 04:51:49,2026-09-04,4,520217e0fd63,3,8950.0,0.835195530726257,0.16480446927374304
601,7475.0,ML про,2026-09-04 04:51:49,2026-09-04,4,520217e0fd63,3,8950.0,0.835195530726257,0.16480446927374304
601,7475.0,ML старт,2026-09-04 04:51:49,2026-09-04,4,520217e0fd63,3,8950.0,0.835195530726257,0.16480446927374304
363,8945.0,Backend про,2026-09-04 06:28:52,2026-09-04,6,fac67cd3817a,1,8950.0,0.9994413407821229,0.0005586592178771221
124,9950.0,Линейная алгебра,2026-09-04 06:34:32,2026-09-04,6,aa77da161b6d,1,9950.0,1.0,0.0
490,8450.0,AI агенты,2026-09-04 10:01:44,2026-09-04,10,26aa84041de4,1,8950.0,0.9441340782122905,0.05586592178770955
326,7475.0,Аналитика про,2026-09-04 10:55:46,2026-09-04,10,b46d06bd796f,2,8950.0,0.835195530726257,0.16480446927374304
326,7475.0,Аналитика старт,2026-09-04 10:55:46,2026-09-04,10,b46d06bd796f,2,8950.0,0.835195530726257,0.16480446927374304
590,8945.0,Backend про,2026-09-04 11:04:11,2026-09-04,11,696a03f9b5c4,1,8950.0,0.9994413407821229,0.0005586592178771221
379,7475.0,Аналитика про,2026-09-04 11:44:55,2026-09-04,11,e5ef1670c1f8,1,8950.0,0.835195530726257,0.16480446927374304
317,8950.0,Аналитика про,2026-09-04 13:16:14,2026-09-04,13,2706a99c50bb,1,8950.0,1.0,0.0
354,8245.0,Дискретка,2026-09-04 13:47:25,2026-09-04,13,ff6e6e9537bc,1,8245.0,1.0,0.0
383,8950.0,Аналитика про,2026-09-04 14:11:02,2026-09-04,14,50fd856241f0,1,8950.0,1.0,0.0
375,7000.0,Алгоритмы про,2026-09-04 14:19:28,2026-09-04,14,55ea94f8690c,1,8950.0,0.7821229050279329,0.2178770949720671
582,8950.0,Аналитика старт,2026-09-04 15:03:52,2026-09-04,15,14a4122f3a90,1,8950.0,1.0,0.0
378,8950.0,Аналитика про,2026-09-04 15:08:47,2026-09-04,15,950fa0af99a5,1,8950.0,1.0,0.0
28,7475.0,Аналитика про,2026-09-04 15:15:34,2026-09-04,15,edcb62da5926,2,8950.0,0.835195530726257,0.16480446927374304
28,7475.0,Аналитика старт,2026-09-04 15:15:34,2026-09-04,15,edcb62da5926,2,8950.0,0.835195530726257,0.16480446927374304
302,7475.0,Аналитика про,2026-09-04 15:20:47,2026-09-04,15,7c6b4cde5d4e,1,8950.0,0.835195530726257,0.16480446927374304
303,7475.0,ML про,2026-09-04 15:21:52,2026-09-04,15,4c4e386285c4,2,8950.0,0.835195530726257,0.16480446927374304
303,7475.0,ML старт,2026-09-04 15:21:52,2026-09-04,15,4c4e386285c4,2,8950.0,0.835195530726257,0.16480446927374304
15,8450.0,Аналитика про,2026-09-04 15:26:00,2026-09-04,15,7572d4083aac,1,8950.0,0.9441340782122905,0.05586592178770955
197,7475.0,Backend про,2026-09-04 15:39:31,2026-09-04,15,6804d414b20b,2,8950.0,0.835195530726257,0.16480446927374304
197,7475.0,AI агенты,2026-09-04 15:39:31,2026-09-04,15,6804d414b20b,2,8950.0,0.835195530726257,0.16480446927374304
574,7475.0,ML про,2026-09-04 16:29:01,2026-09-04,16,df0a480ca9fc,1,8950.0,0.835195530726257,0.16480446927374304
198,7475.0,Аналитика старт,2026-09-04 16:44:57,2026-09-04,16,4ca54c49fd41,1,8950.0,0.835195530726257,0.16480446927374304
576,7475.0,ML старт,2026-09-04 17:26:34,2026-09-04,17,c37011bfafb4,1,8950.0,0.835195530726257,0.16480446927374304
471,9950.0,Линейная алгебра,2026-09-04 18:12:51,2026-09-04,18,d38dbb7be9bc,1,9950.0,1.0,0.0
428,8950.0,ML про,2026-09-04 18:33:44,2026-09-04,18,c08e49633300,2,8950.0,1.0,0.0
428,8950.0,ML старт,2026-09-04 18:33:44,2026-09-04,18,c08e49633300,2,8950.0,1.0,0.0
94,8950.0,Backend про,2026-09-04 18:49:47,2026-09-04,18,475cd3886768,1,8950.0,1.0,0.0
1,8950.0,Аналитика старт,2026-09-04 19:30:57,2026-09-04,19,e17b8721770d,1,8950.0,1.0,0.0
384,8450.0,Аналитика про,2026-09-04 20:38:50,2026-09-04,20,c5c39e83da73,1,8950.0,0.9441340782122905,0.05586592178770955
43,6475.0,Аналитика старт,2026-09-05 07:16:30,2026-09-05,7,71532a16f127,2,8950.0,0.723463687150838,0.276536312849162
43,6475.0,АВ тестам,2026-09-05 07:16:30,2026-09-05,7,71532a16f127,2,8191.0,0.7905017702356245,0.2094982297643755
309,8950.0,ML про,2026-09-05 09:55:40,2026-09-05,9,b3212d1c6eff,1,8950.0,1.0,0.0
502,8450.0,ML про,2026-09-05 10:11:25,2026-09-05,10,5384b3973d67,1,8950.0,0.9441340782122905,0.05586592178770955
591,8450.0,AI агенты,2026-09-05 10:13:46,2026-09-05,10,f9775e676608,1,8950.0,0.9441340782122905,0.05586592178770955
394,8950.0,Алгоритмы про,2026-09-05 10:17:43,2026-09-05,10,c311d5ab804e,1,8950.0,1.0,0.0
155,7475.0,Backend про,2026-09-05 10:20:56,2026-09-05,10,9c5a653cd015,2,8950.0,0.835195530726257,0.16480446927374304
155,7475.0,Backend старт,2026-09-05 10:20:56,2026-09-05,10,9c5a653cd015,2,8950.0,0.835195530726257,0.16480446927374304
533,8450.0,AI агенты,2026-09-05 10:24:14,2026-09-05,10,3033241690b4,1,8950.0,0.9441340782122905,0.05586592178770955
510,8950.0,AI агенты,2026-09-05 10:34:42,2026-09-05,10,bcbd35bd5588,1,8950.0,1.0,0.0
328,7475.0,ML про,2026-09-05 10:58:26,2026-09-05,10,056b658e9988,2,8950.0,0.835195530726257,0.16480446927374304
328,7475.0,Аналитика про,2026-09-05 10:58:26,2026-09-05,10,056b658e9988,2,8950.0,0.835195530726257,0.16480446927374304
31,7475.0,ML про,2026-09-05 11:00:21,2026-09-05,11,0f14a16ed90e,1,8950.0,0.835195530726257,0.16480446927374304
397,8950.0,Аналитика старт,2026-09-05 11:02:15,2026-09-05,11,a9365a88c644,1,8950.0,1.0,0.0
487,7475.0,ML старт,2026-09-05 11:02:17,2026-09-05,11,a2bad28e0686,2,8950.0,0.835195530726257,0.16480446927374304
487,7475.0,ML про,2026-09-05 11:02:17,2026-09-05,11,a2bad28e0686,2,8950.0,0.835195530726257,0.16480446927374304
515,8450.0,Аналитика про,2026-09-05 12:09:36,2026-09-05,12,a681b9056504,1,8950.0,0.9441340782122905,0.05586592178770955
155,7000.0,Алгоритмы старт,2026-09-05 12:13:44,2026-09-05,12,7d5476698b54,1,8950.0,0.7821229050279329,0.2178770949720671
117,8450.0,Аналитика про,2026-09-05 12:34:35,2026-09-05,12,648acd0ccb9b,1,8950.0,0.9441340782122905,0.05586592178770955
517,8950.0,Аналитика про,2026-09-05 12:48:03,2026-09-05,12,c577c539c87f,1,8950.0,1.0,0.0
238,8950.0,Backend про,2026-09-05 13:28:56,2026-09-05,13,7dfbb0110e88,1,8950.0,1.0,0.0
406,8450.0,ML про,2026-09-05 13:55:08,2026-09-05,13,236e91fd2751,1,8950.0,0.9441340782122905,0.05586592178770955
270,8950.0,Аналитика про,2026-09-05 14:08:51,2026-09-05,14,bd1c2d7a69c8,1,8950.0,1.0,0.0
48,8950.0,Backend про,2026-09-05 14:24:29,2026-09-05,14,ae048155f9bd,1,8950.0,1.0,0.0
405,8950.0,Backend старт,2026-09-05 14:29:26,2026-09-05,14,68e72375f1bf,1,8950.0,1.0,0.0
18,8950.0,Алгоритмы про,2026-09-05 14:29:29,2026-09-05,14,c8ef52b4a2ca,1,8950.0,1.0,0.0
362,8450.0,ML про,2026-09-05 14:52:23,2026-09-05,14,0ad1dd24af20,1,8950.0,0.9441340782122905,0.05586592178770955
250,7475.0,Backend про,2026-09-05 14:54:24,2026-09-05,14,21711381e306,2,8950.0,0.835195530726257,0.16480446927374304
250,7475.0,Backend старт,2026-09-05 14:54:24,2026-09-05,14,21711381e306,2,8950.0,0.835195530726257,0.16480446927374304
540,8950.0,Аналитика про,2026-09-05 14:57:41,2026-09-05,14,69f54e969788,1,8950.0,1.0,0.0
461,7475.0,Аналитика про,2026-09-05 15:01:05,2026-09-05,15,faca444af191,2,8950.0,0.835195530726257,0.16480446927374304
461,7475.0,Аналитика старт,2026-09-05 15:01:05,2026-09-05,15,faca444af191,2,8950.0,0.835195530726257,0.16480446927374304
556,7475.0,Аналитика про,2026-09-05 15:17:14,2026-09-05,15,f6e52ab1d54a,1,8950.0,0.835195530726257,0.16480446927374304
431,8950.0,Алгоритмы старт,2026-09-05 15:28:29,2026-09-05,15,f620783dcf21,1,8950.0,1.0,0.0
169,8950.0,Аналитика про,2026-09-05 15:47:16,2026-09-05,15,10add9e0feaf,1,8950.0,1.0,0.0
245,8950.0,Backend про,2026-09-05 15:54:58,2026-09-05,15,546d23e744b2,1,8950.0,1.0,0.0
2,8950.0,ML про,2026-09-05 16:22:48,2026-09-05,16,3616ec5e7b54,1,8950.0,1.0,0.0
414,8950.0,ML про,2026-09-05 16:25:16,2026-09-05,16,34bda6caa578,1,8950.0,1.0,0.0
596,8950.0,ML про,2026-09-05 16:26:36,2026-09-05,16,cacb4ddb0873,1,8950.0,1.0,0.0
67,8950.0,ML про,2026-09-05 17:04:40,2026-09-05,17,4d9eb7ce4a9f,1,8950.0,1.0,0.0
210,7475.0,Аналитика старт,2026-09-05 17:12:38,2026-09-05,17,39b1b4d4bc1d,1,8950.0,0.835195530726257,0.16480446927374304
127,8950.0,ML про,2026-09-05 17:27:41,2026-09-05,17,59e008f700f9,1,8950.0,1.0,0.0
602,8450.0,Backend про,2026-09-05 17:42:39,2026-09-05,17,0ee2f83969bf,1,8950.0,0.9441340782122905,0.05586592178770955
109,8950.0,ML про,2026-09-05 17:57:36,2026-09-05,17,b51bf39311a0,1,8950.0,1.0,0.0
398,8950.0,ML про,2026-09-05 18:06:36,2026-09-05,18,f817b43e14a6,1,8950.0,1.0,0.0
350,8450.0,Аналитика про,2026-09-05 18:12:55,2026-09-05,18,4983c133cfee,1,8950.0,0.9441340782122905,0.05586592178770955
24,8950.0,ML про,2026-09-05 18:23:21,2026-09-05,18,1f43b4a33135,1,8950.0,1.0,0.0
553,8950.0,ML про,2026-09-05 18:27:14,2026-09-05,18,6dec961e3b77,1,8950.0,1.0,0.0
174,7475.0,ML про,2026-09-05 18:41:16,2026-09-05,18,3e16e436c50f,2,8950.0,0.835195530726257,0.16480446927374304
174,7475.0,Алгоритмы про,2026-09-05 18:41:16,2026-09-05,18,3e16e436c50f,2,8950.0,0.835195530726257,0.16480446927374304
494,8959.0,Алгоритмы про,2026-09-05 19:15:54,2026-09-05,19,961b7763af47,1,8950.0,1.0010055865921788,0.0
377,7475.0,Аналитика про,2026-09-05 19:24:12,2026-09-05,19,bedcd9ed8885,2,8950.0,0.835195530726257,0.16480446927374304
377,7475.0,Аналитика старт,2026-09-05 19:24:12,2026-09-05,19,bedcd9ed8885,2,8950.0,0.835195530726257,0.16480446927374304
60,8950.0,ML про,2026-09-05 19:44:33,2026-09-05,19,a40fe70da24b,1,8950.0,1.0,0.0
545,8950.0,ML про,2026-09-05 19:45:17,2026-09-05,19,9a29b9f4f179,1,8950.0,1.0,0.0
147,7475.0,ML про,2026-09-05 19:46:01,2026-09-05,19,de573582f412,2,8950.0,0.835195530726257,0.16480446927374304
147,7475.0,ML старт,2026-09-05 19:46:01,2026-09-05,19,de573582f412,2,8950.0,0.835195530726257,0.16480446927374304
416,6975.0,Backend про,2026-09-05 21:19:33,2026-09-05,21,936f46b1fb24,2,8950.0,0.7793296089385475,0.22067039106145248
416,6975.0,ML про,2026-09-05 21:19:33,2026-09-05,21,936f46b1fb24,2,8950.0,0.7793296089385475,0.22067039106145248
188,6975.0,Backend про,2026-09-06 01:03:43,2026-09-06,1,ee4e84c593d5,1,8950.0,0.7793296089385475,0.22067039106145248
569,8950.0,Backend про,2026-09-06 08:00:03,2026-09-06,8,55432bed05a2,1,8950.0,1.0,0.0
74,8450.0,AI агенты,2026-09-06 10:34:28,2026-09-06,10,e555c329d284,1,8950.0,0.9441340782122905,0.05586592178770955
20,7475.0,Аналитика старт,2026-09-06 11:07:00,2026-09-06,11,58e0fd1bda0a,2,8950.0,0.835195530726257,0.16480446927374304
20,7475.0,Аналитика про,2026-09-06 11:07:00,2026-09-06,11,58e0fd1bda0a,2,8950.0,0.835195530726257,0.16480446927374304
151,7475.0,Аналитика про,2026-09-06 11:31:11,2026-09-06,11,cc51837bcbc2,1,8950.0,0.835195530726257,0.16480446927374304
42,8450.0,ML про,2026-09-06 11:42:46,2026-09-06,11,cb60c6f5bb2e,1,8950.0,0.9441340782122905,0.05586592178770955
193,8450.0,AI агенты,2026-09-06 11:49:34,2026-09-06,11,e54ccd0c210c,1,8950.0,0.9441340782122905,0.05586592178770955
105,8950.0,Аналитика про,2026-09-06 11:55:22,2026-09-06,11,37d8f504691f,1,8950.0,1.0,0.0
275,6975.0,AI агенты,2026-09-06 11:58:58,2026-09-06,11,51fa63ae27cb,2,8950.0,0.7793296089385475,0.22067039106145248
275,6975.0,ML про,2026-09-06 11:58:58,2026-09-06,11,51fa63ae27cb,2,8950.0,0.7793296089385475,0.22067039106145248
56,7475.0,Backend старт,2026-09-06 12:12:33,2026-09-06,12,8630a5628f85,1,8950.0,0.835195530726257,0.16480446927374304
44,6975.0,AI агенты,2026-09-06 12:29:18,2026-09-06,12,1af8b91bd2fe,1,8950.0,0.7793296089385475,0.22067039106145248
327,8950.0,AI агенты,2026-09-06 12:45:38,2026-09-06,12,47aa968fd77b,1,8950.0,1.0,0.0
292,6975.0,ML про,2026-09-06 12:59:39,2026-09-06,12,529870d6b3ce,1,8950.0,0.7793296089385475,0.22067039106145248
150,8950.0,Backend про,2026-09-06 13:11:45,2026-09-06,13,f1d37ab8c619,1,8950.0,1.0,0.0
59,8950.0,ML про,2026-09-06 13:32:21,2026-09-06,13,7e07b1534ae8,1,8950.0,1.0,0.0
154,8950.0,Алгоритмы про,2026-09-06 13:40:03,2026-09-06,13,6dc2360585b5,1,8950.0,1.0,0.0
472,8950.0,ML про,2026-09-06 13:45:12,2026-09-06,13,b10e9962fe7c,1,8950.0,1.0,0.0
601,6975.0,Аналитика про,2026-09-06 14:28:33,2026-09-06,14,881f4dcc7f5c,2,8950.0,0.7793296089385475,0.22067039106145248
601,6975.0,Аналитика старт,2026-09-06 14:28:33,2026-09-06,14,881f4dcc7f5c,2,8950.0,0.7793296089385475,0.22067039106145248
22,8450.0,ML про,2026-09-06 14:41:56,2026-09-06,14,e00734985028,1,8950.0,0.9441340782122905,0.05586592178770955
344,8950.0,AI агенты,2026-09-06 14:48:52,2026-09-06,14,78bc06790649,1,8950.0,1.0,0.0
49,7475.0,AI агенты,2026-09-06 14:51:02,2026-09-06,14,e5d085419067,2,8950.0,0.835195530726257,0.16480446927374304
49,7475.0,Backend про,2026-09-06 14:51:02,2026-09-06,14,e5d085419067,2,8950.0,0.835195530726257,0.16480446927374304
113,8950.0,Аналитика про,2026-09-06 15:14:57,2026-09-06,15,1fd1847ebd18,1,8950.0,1.0,0.0
366,2237.5,AI агенты,2026-09-06 15:18:37,2026-09-06,15,5d0754d19d50,4,8950.0,0.25,0.75
366,2237.5,ML про,2026-09-06 15:18:37,2026-09-06,15,5d0754d19d50,4,8950.0,0.25,0.75
366,2237.5,ML старт,2026-09-06 15:18:37,2026-09-06,15,5d0754d19d50,4,8950.0,0.25,0.75
366,2237.5,Алгоритмы старт,2026-09-06 15:18:37,2026-09-06,15,5d0754d19d50,4,8950.0,0.25,0.75
434,8450.0,Backend про,2026-09-06 15:23:19,2026-09-06,15,4ae8942a5a54,1,8950.0,0.9441340782122905,0.05586592178770955
55,2237.5,AI агенты,2026-09-06 15:35:13,2026-09-06,15,bf1943987991,1,8950.0,0.25,0.75
23,2237.5,ML старт,2026-09-06 15:39:44,2026-09-06,15,f4b1218f838f,1,8950.0,0.25,0.75
51,2237.5,ML про,2026-09-06 15:46:24,2026-09-06,15,e53bf12f45f6,1,8950.0,0.25,0.75
261,8950.0,AI агенты,2026-09-06 16:06:04,2026-09-06,16,8cfcf2a684ce,1,8950.0,1.0,0.0
306,8950.0,ML старт,2026-09-06 16:18:59,2026-09-06,16,1cae9d6f3102,1,8950.0,1.0,0.0
180,2237.5,Алгоритмы старт,2026-09-06 16:23:30,2026-09-06,16,3fa8df670a54,1,8950.0,0.25,0.75
10,8450.0,Backend про,2026-09-06 16:25:37,2026-09-06,16,e79954d3ad2e,1,8950.0,0.9441340782122905,0.05586592178770955
310,7475.0,AI агенты,2026-09-06 16:38:02,2026-09-06,16,de8ac2d44f84,2,8950.0,0.835195530726257,0.16480446927374304
310,7475.0,ML про,2026-09-06 16:38:02,2026-09-06,16,de8ac2d44f84,2,8950.0,0.835195530726257,0.16480446927374304
528,8950.0,ML про,2026-09-06 16:54:20,2026-09-06,16,b243d4b6d13b,1,8950.0,1.0,0.0
97,8950.0,Backend про,2026-09-06 17:27:55,2026-09-06,17,6f82dde64365,1,8950.0,1.0,0.0
449,8950.0,Алгоритмы старт,2026-09-06 17:28:24,2026-09-06,17,13d237b5c259,1,8950.0,1.0,0.0
278,7475.0,Аналитика про,2026-09-06 17:31:06,2026-09-06,17,4d079fde318f,2,8950.0,0.835195530726257,0.16480446927374304
278,7475.0,Аналитика старт,2026-09-06 17:31:06,2026-09-06,17,4d079fde318f,2,8950.0,0.835195530726257,0.16480446927374304
300,6950.0,Data Science,2026-09-06 17:58:00,2026-09-06,17,241fa44ea7fc,1,6950.0,1.0,0.0
251,9950.0,Мат анализ,2026-09-06 18:05:45,2026-09-06,18,e40108b19785,1,9950.0,1.0,0.0
347,7475.0,Аналитика про,2026-09-06 18:35:08,2026-09-06,18,94bd8b7c2af9,1,8950.0,0.835195530726257,0.16480446927374304
359,7475.0,Аналитика старт,2026-09-06 18:40:33,2026-09-06,18,43ce5ba51ed6,1,8950.0,0.835195530726257,0.16480446927374304
399,8950.0,ML про,2026-09-06 19:02:33,2026-09-06,19,173861f846fb,1,8950.0,1.0,0.0
530,8950.0,Аналитика про,2026-09-06 19:09:38,2026-09-06,19,becd53bb1afa,1,8950.0,1.0,0.0
396,9950.0,Мат анализ,2026-09-06 19:15:37,2026-09-06,19,9af733710a9e,1,9950.0,1.0,0.0
604,8950.0,Аналитика старт,2026-09-06 19:17:57,2026-09-06,19,03c689702a90,1,8950.0,1.0,0.0
593,9950.0,Мат анализ,2026-09-06 19:53:15,2026-09-06,19,20f2a647f99f,1,9950.0,1.0,0.0
454,8950.0,ML про,2026-09-07 04:33:26,2026-09-07,4,1c0006904bbf,1,8950.0,1.0,0.0
63,8950.0,Алгоритмы про,2026-09-07 05:24:57,2026-09-07,5,f25c687e6f2e,1,8950.0,1.0,0.0
228,8950.0,AI агенты,2026-09-07 07:42:35,2026-09-07,7,2c3e2a6a9f5c,1,8950.0,1.0,0.0
13,8950.0,AI агенты,2026-09-07 07:54:24,2026-09-07,7,21224e6af61c,1,8950.0,1.0,0.0
465,4225.0,Алгоритмы,2026-09-07 08:21:23,2026-09-07,8,95da93eee837,1,9950.0,0.42462311557788945,0.5753768844221105
125,8950.0,ML про,2026-09-07 08:46:37,2026-09-07,8,6c9de7ee2fba,1,8950.0,1.0,0.0
491,8950.0,Аналитика про,2026-09-07 09:04:54,2026-09-07,9,0bc12978a74f,1,8950.0,1.0,0.0
100,8950.0,Backend старт,2026-09-07 09:30:42,2026-09-07,9,8114344b2b2c,1,8950.0,1.0,0.0
110,8950.0,AI агенты,2026-09-07 10:27:06,2026-09-07,10,d4c81c018392,1,8950.0,1.0,0.0
119,8950.0,Алгоритмы про,2026-09-07 11:34:36,2026-09-07,11,7a2323bb9b96,1,8950.0,1.0,0.0
102,6475.0,AI агенты,2026-09-07 12:59:48,2026-09-07,12,73608b947132,2,8950.0,0.723463687150838,0.276536312849162
102,6475.0,ML про,2026-09-07 12:59:48,2026-09-07,12,73608b947132,2,8950.0,0.723463687150838,0.276536312849162
204,8950.0,ML про,2026-09-07 13:39:13,2026-09-07,13,05d7c75600f6,1,8950.0,1.0,0.0
214,8950.0,AI агенты,2026-09-07 14:02:50,2026-09-07,14,a29f1096fcbc,1,8950.0,1.0,0.0
254,7475.0,Алгоритмы про,2026-09-07 14:53:39,2026-09-07,14,b1c9fbe53416,2,8950.0,0.835195530726257,0.16480446927374304
254,7475.0,Алгоритмы старт,2026-09-07 14:53:39,2026-09-07,14,b1c9fbe53416,2,8950.0,0.835195530726257,0.16480446927374304
246,9950.0,Мат анализ,2026-09-07 16:45:55,2026-09-07,16,e5dd256d9238,1,9950.0,1.0,0.0
509,18900.0,Теория вероятностей,2026-09-07 16:51:31,2026-09-07,16,50c7cfe51f89,1,9950.0,1.5,0.0
72,6975.0,AI агенты,2026-09-07 19:19:58,2026-09-07,19,c9d04384d675,2,8950.0,0.7793296089385475,0.22067039106145248
72,6975.0,ML про,2026-09-07 19:19:58,2026-09-07,19,c9d04384d675,2,8950.0,0.7793296089385475,0.22067039106145248
78,6950.0,Data Science,2026-09-08 05:10:30,2026-09-08,5,b6e82d4da7bf,1,6950.0,1.0,0.0
548,6975.0,AI агенты,2026-09-08 12:45:32,2026-09-08,12,f78f32b80ece,2,8950.0,0.7793296089385475,0.22067039106145248
548,6975.0,ML про,2026-09-08 12:45:32,2026-09-08,12,f78f32b80ece,2,8950.0,0.7793296089385475,0.22067039106145248
429,9950.0,Мат анализ,2026-09-08 13:04:06,2026-09-08,13,2c534728442f,1,9950.0,1.0,0.0
499,8950.0,Аналитика про,2026-09-08 13:24:34,2026-09-08,13,0cd5a813f46e,1,8950.0,1.0,0.0
68,7500.0,Алгоритмы старт,2026-09-08 17:53:12,2026-09-08,17,298931771c6e,2,8950.0,0.8379888268156425,0.16201117318435754
68,7500.0,Алгоритмы про,2026-09-08 17:53:12,2026-09-08,17,298931771c6e,2,8950.0,0.8379888268156425,0.16201117318435754
456,9950.0,Мат анализ,2026-09-08 17:57:42,2026-09-08,17,5ac38ca1aca2,1,9950.0,1.0,0.0
190,9950.0,Мат анализ,2026-09-09 02:52:43,2026-09-09,2,a29f44a5b469,1,9950.0,1.0,0.0
80,6975.0,ML про,2026-09-09 04:53:08,2026-09-09,4,a3a96a0c8de6,1,8950.0,0.7793296089385475,0.22067039106145248
108,6975.0,AI агенты,2026-09-09 04:53:08,2026-09-09,4,4243bc8394d0,1,8950.0,0.7793296089385475,0.22067039106145248
358,8450.0,Аналитика про,2026-09-09 06:30:33,2026-09-09,6,64e40b0854c2,1,8950.0,0.9441340782122905,0.05586592178770955
224,8450.0,Аналитика про,2026-09-09 08:55:28,2026-09-09,8,3e5b8df8c478,1,8950.0,0.9441340782122905,0.05586592178770955
438,8950.0,Аналитика про,2026-09-09 13:24:37,2026-09-09,13,553121f1cc31,1,8950.0,1.0,0.0
283,7475.0,AI агенты,2026-09-09 13:34:09,2026-09-09,13,ba5f95f6652b,2,8950.0,0.835195530726257,0.16480446927374304
283,7475.0,ML про,2026-09-09 13:34:09,2026-09-09,13,ba5f95f6652b,2,8950.0,0.835195530726257,0.16480446927374304
381,8950.0,Аналитика старт,2026-09-09 14:46:43,2026-09-09,14,f08f3321f63b,1,8950.0,1.0,0.0
212,7475.0,Алгоритмы старт,2026-09-09 15:03:44,2026-09-09,15,01d388b9eca4,2,8950.0,0.835195530726257,0.16480446927374304
212,7475.0,Алгоритмы про,2026-09-09 15:03:44,2026-09-09,15,01d388b9eca4,2,8950.0,0.835195530726257,0.16480446927374304
567,7475.0,AI агенты,2026-09-09 15:06:26,2026-09-09,15,c459129d4cd9,2,8950.0,0.835195530726257,0.16480446927374304
567,7475.0,Алгоритмы про,2026-09-09 15:06:26,2026-09-09,15,c459129d4cd9,2,8950.0,0.835195530726257,0.16480446927374304
337,7475.0,Алгоритмы про,2026-09-09 15:41:19,2026-09-09,15,c6071d533515,1,8950.0,0.835195530726257,0.16480446927374304
349,7475.0,Алгоритмы старт,2026-09-09 16:10:16,2026-09-09,16,2f1c95088091,1,8950.0,0.835195530726257,0.16480446927374304
123,6450.0,Data Science,2026-09-09 16:23:01,2026-09-09,16,a3c89e5a1514,1,6950.0,0.9280575539568345,0.07194244604316546
444,7475.0,Алгоритмы старт,2026-09-09 16:46:07,2026-09-09,16,15d283a3725d,2,8950.0,0.835195530726257,0.16480446927374304
444,7475.0,Алгоритмы про,2026-09-09 16:46:07,2026-09-09,16,15d283a3725d,2,8950.0,0.835195530726257,0.16480446927374304
36,8950.0,Линейная алгебра,2026-09-09 19:26:20,2026-09-09,19,6f6c73ca78d6,5,9950.0,0.8994974874371859,0.10050251256281406
36,8950.0,Мат анализ,2026-09-09 19:26:20,2026-09-09,19,6f6c73ca78d6,5,9950.0,0.8994974874371859,0.10050251256281406
36,8950.0,Алгоритмы,2026-09-09 19:26:20,2026-09-09,19,6f6c73ca78d6,5,9950.0,0.8994974874371859,0.10050251256281406
36,8950.0,Дискретка,2026-09-09 19:26:20,2026-09-09,19,6f6c73ca78d6,5,8245.0,1.0855063674954517,0.0
36,8950.0,Теория вероятностей,2026-09-09 19:26:20,2026-09-09,19,6f6c73ca78d6,5,9950.0,0.8994974874371859,0.10050251256281406
407,8950.0,Линейная алгебра,2026-09-09 23:11:20,2026-09-09,23,d1fa98f81530,1,9950.0,0.8994974874371859,0.10050251256281406
196,9950.0,Линейная алгебра,2026-09-10 06:09:12,2026-09-10,6,fe18ffcc4b48,1,9950.0,1.0,0.0
