order_id,student_id,ts,date,hour,n_items,revenue,courses,median_discount,is_repeat
24af3ad48236,437,2026-08-04 09:08:31,2026-08-04,9,1,8950.0,ML про,0.0,False
5620e9f400b8,437,2026-08-04 09:35:00,2026-08-04,9,1,7890.0,Аналитика старт,0.11843575418994412,True
cd209f29d81c,443,2026-08-04 10:14:38,2026-08-04,10,2,16950.0,Линейная алгебра + Мат анализ,0.14824120603015079,False
5e4a526a09d6,430,2026-08-04 13:38:06,2026-08-04,13,1,8950.0,К ВУЗу,0.0,False
7c4b643abbf1,480,2026-08-04 16:17:19,2026-08-04,16,1,15695.0,Data Science,0.0,False
d0e60293ba12,131,2026-08-04 17:05:46,2026-08-04,17,1,8745.0,Backend старт,0.022905027932960897,False
125a0b0d3417,571,2026-08-04 17:19:52,2026-08-04,17,2,16950.0,ML про + ML старт,0.05307262569832405,False
c8346485ed94,159,2026-08-05 12:56:32,2026-08-05,12,2,16950.0,Backend про + Backend старт,0.05307262569832405,False
3fec5fe1f6b2,126,2026-08-05 13:22:41,2026-08-05,13,1,8745.0,ML старт,0.022905027932960897,False
8e9ac29d3ef6,225,2026-08-05 14:22:34,2026-08-05,14,1,8745.0,АВ тестам,0.0,False
7eb9e076b67e,137,2026-08-05 15:01:16,2026-08-05,15,1,8475.0,Backend старт,0.05307262569832405,False
d3bdfa161d38,280,2026-08-05 16:37:02,2026-08-05,16,1,8245.0,ML старт,0.07877094972067034,False
f10369fa1eee,222,2026-08-05 18:52:56,2026-08-05,18,2,15950.0,Backend про + Backend старт,0.10893854748603349,False
61bc64763d78,291,2026-08-06 10:06:16,2026-08-06,10,2,19900.0,Линейная алгебра + Мат анализ,0.0,False
94f0f69dbdb6,295,2026-08-06 10:14:55,2026-08-06,10,1,6950.0,К ВУЗу,0.0,False
19afadbe4c08,294,2026-08-06 10:39:31,2026-08-06,10,1,9950.0,Линейная алгебра,0.0,False
bb1d088df9fc,325,2026-08-06 11:41:17,2026-08-06,11,1,9950.0,Линейная алгебра,0.0,False
ff7246fe629b,166,2026-08-06 12:15:46,2026-08-06,12,1,6950.0,К ВУЗу,0.0,False
fe498591d26a,477,2026-08-06 14:52:49,2026-08-06,14,1,500.0,Теория вероятностей,0.949748743718593,False
be6cd02e0aef,579,2026-08-06 16:20:47,2026-08-06,16,1,8245.0,ML старт,0.07877094972067034,False
3675294bd515,334,2026-08-07 11:16:14,2026-08-07,11,2,19900.0,Линейная алгебра + Мат анализ,0.0,False
e2be36a8203f,459,2026-08-07 11:31:08,2026-08-07,11,1,9950.0,Мат анализ,0.0,False
81a07e4918a8,313,2026-08-07 11:58:49,2026-08-07,11,1,9450.0,Мат анализ,0.05025125628140703,False
65317579ce85,481,2026-08-07 13:09:54,2026-08-07,13,1,8745.0,ML про,0.022905027932960897,False
a81e27b3bedf,249,2026-08-07 19:38:55,2026-08-07,19,1,6950.0,К ВУЗу,0.0,False
d4a91056f6bb,259,2026-08-08 07:59:01,2026-08-08,7,1,8745.0,ML про,0.022905027932960897,False
c9308325a432,26,2026-08-08 09:23:01,2026-08-08,9,1,6490.0,Backend старт,0.27486033519553077,False
9402c9ee5c74,183,2026-08-08 10:08:11,2026-08-08,10,1,6490.0,Backend старт,0.27486033519553077,False
18a1380a2556,47,2026-08-08 12:24:55,2026-08-08,12,2,9990.0,ML старт + Алгоритмы старт,0.4418994413407821,False
033cb0a4fdfc,518,2026-08-08 12:37:37,2026-08-08,12,1,6490.0,Алгоритмы старт,0.27486033519553077,False
0385231ffba4,54,2026-08-08 12:39:51,2026-08-08,12,1,6490.0,Алгоритмы старт,0.27486033519553077,False
13c6dd70bceb,554,2026-08-08 12:44:01,2026-08-08,12,2,10000.0,ML старт + Алгоритмы старт,0.44134078212290506,False
48cf19cd9b2b,473,2026-08-08 13:57:16,2026-08-08,13,1,10000.0,Алгоритмы,0.0,False
1006ce3304f0,308,2026-08-08 14:05:17,2026-08-08,14,2,9900.0,Backend старт + Алгоритмы старт,0.44692737430167595,False
661a32ecd125,412,2026-08-08 14:06:52,2026-08-08,14,2,9990.0,ML старт + Алгоритмы старт,0.4418994413407821,False
f7402677e25b,7,2026-08-08 14:07:56,2026-08-08,14,1,4950.0,Backend старт,0.44692737430167595,False
795f453d0b2a,370,2026-08-08 14:10:35,2026-08-08,14,1,6490.0,Backend старт,0.27486033519553077,False
c2cfe8727caa,532,2026-08-08 16:22:47,2026-08-08,16,2,9990.0,Аналитика про + Аналитика старт,0.4418994413407821,False
8f93eb0e005e,451,2026-08-08 16:24:46,2026-08-08,16,1,8245.0,Backend про,0.07877094972067034,False
8dfc7d749782,265,2026-08-08 16:25:28,2026-08-08,16,1,5990.0,ML старт,0.3307262569832402,False
4031e944c1c1,8,2026-08-08 16:25:39,2026-08-08,16,2,8990.0,АВ тестам + Алгоритмы,0.4997340812228644,False
88d23c0b723e,33,2026-08-08 16:26:36,2026-08-08,16,2,9990.0,Backend старт + Алгоритмы старт,0.4418994413407821,False
fe195e59bf3e,512,2026-08-08 16:43:12,2026-08-08,16,1,4995.0,Алгоритмы старт,0.4418994413407821,False
409eb16a2f0a,410,2026-08-08 16:51:05,2026-08-08,16,1,6490.0,Backend старт,0.27486033519553077,False
ef3f1e206781,516,2026-08-08 16:59:49,2026-08-08,16,2,9900.0,Алгоритмы старт + Аналитика старт,0.44692737430167595,False
ed615bfc1551,511,2026-08-08 17:29:42,2026-08-08,17,1,4950.0,Аналитика старт,0.44692737430167595,False
738399b6019f,256,2026-08-08 17:54:37,2026-08-08,17,1,5990.0,ML старт,0.3307262569832402,False
cb11286aa4a5,333,2026-08-08 18:25:13,2026-08-08,18,1,6490.0,Аналитика старт,0.27486033519553077,False
a726fceced04,233,2026-08-08 18:51:08,2026-08-08,18,1,6490.0,Аналитика старт,0.27486033519553077,False
e9480bcd4270,427,2026-08-08 19:23:46,2026-08-08,19,2,9900.0,ML старт + Алгоритмы,0.47471996855787313,False
e2e60cbd1a4c,120,2026-08-08 19:28:26,2026-08-08,19,1,6490.0,Аналитика старт,0.27486033519553077,False
cd246bc486b5,469,2026-08-08 19:45:24,2026-08-08,19,1,4950.0,Алгоритмы,0.5025125628140703,False
7c18737f58f8,161,2026-08-08 19:49:42,2026-08-08,19,2,9990.0,Backend старт + Алгоритмы старт,0.4418994413407821,False
b53e3184196d,320,2026-08-08 19:54:31,2026-08-08,19,2,9990.0,Алгоритмы старт + Аналитика старт,0.4418994413407821,False
f41134d43d63,135,2026-08-08 20:00:19,2026-08-08,20,2,9990.0,ML старт + Алгоритмы старт,0.4418994413407821,False
05f8fdef6e0f,73,2026-08-08 20:05:40,2026-08-08,20,1,4995.0,Алгоритмы старт,0.4418994413407821,False
503c2118a6fb,227,2026-08-08 20:08:33,2026-08-08,20,2,9450.0,ML старт + Алгоритмы старт,0.4720670391061452,False
d11f0fdc8200,507,2026-08-08 20:12:46,2026-08-08,20,1,6490.0,ML старт,0.27486033519553077,False
82d828c918ca,421,2026-08-08 20:25:37,2026-08-08,20,2,9990.0,Data Engenering + Алгоритмы,0.3870384531352414,False
9504b82d507b,401,2026-08-08 22:16:55,2026-08-08,22,1,8245.0,Backend про,0.07877094972067034,False
5b48371aaa5c,160,2026-08-09 02:39:44,2026-08-09,2,1,4995.0,Аналитика старт,0.4418994413407821,False
cff157757526,32,2026-08-09 04:36:11,2026-08-09,4,1,6490.0,ML старт,0.27486033519553077,False
92c7ab81b816,415,2026-08-09 04:51:42,2026-08-09,4,1,4995.0,Backend старт,0.4418994413407821,False
9fe4f6752379,167,2026-08-09 09:07:16,2026-08-09,9,2,9900.0,ML старт + Алгоритмы старт,0.44692737430167595,False
4c68b568af1a,262,2026-08-09 09:10:55,2026-08-09,9,1,6490.0,Backend про,0.27486033519553077,False
ab6159160b47,570,2026-08-09 09:24:57,2026-08-09,9,2,9990.0,Алгоритмы старт + Аналитика старт,0.4418994413407821,False
4ad0ac61bd54,520,2026-08-09 09:27:27,2026-08-09,9,1,6490.0,Аналитика старт,0.27486033519553077,False
207678bee3c3,598,2026-08-09 09:43:34,2026-08-09,9,2,9900.0,Backend старт + Алгоритмы,0.47471996855787313,False
965ba76bc271,279,2026-08-09 09:48:26,2026-08-09,9,1,6490.0,Аналитика старт,0.27486033519553077,False
29d930425fa9,207,2026-08-09 10:15:38,2026-08-09,10,1,6490.0,Алгоритмы старт,0.27486033519553077,False
5a1d4df442be,457,2026-08-09 10:16:31,2026-08-09,10,1,6490.0,Алгоритмы старт,0.27486033519553077,False
6ffab49879ac,389,2026-08-09 10:18:12,2026-08-09,10,2,9900.0,ML старт + Алгоритмы старт,0.44692737430167595,False
dd44d7c0a00d,89,2026-08-09 10:44:19,2026-08-09,10,1,9900.0,Алгоритмы,0.005025125628140725,False
52a30061dd16,232,2026-08-09 10:47:20,2026-08-09,10,1,6490.0,Аналитика старт,0.27486033519553077,False
384fcb47fd75,527,2026-08-09 10:49:47,2026-08-09,10,2,9900.0,ML старт + Алгоритмы старт,0.44692737430167595,False
14d8e4987ace,129,2026-08-09 10:56:45,2026-08-09,10,1,6490.0,Аналитика старт,0.27486033519553077,False
f64219e8cbbf,19,2026-08-09 11:01:50,2026-08-09,11,2,9900.0,Алгоритмы старт + Аналитика старт,0.44692737430167595,False
8621f0fc29c1,38,2026-08-09 12:15:31,2026-08-09,12,1,6490.0,Аналитика старт,0.27486033519553077,False
77ef04b04f6f,206,2026-08-09 13:00:12,2026-08-09,13,2,9990.0,Backend старт + Алгоритмы,0.46994469554476287,False
dd647648f2e0,356,2026-08-09 13:48:05,2026-08-09,13,1,6950.0,Backend старт,0.22346368715083798,False
7638efaa86e9,336,2026-08-09 13:48:41,2026-08-09,13,2,9900.0,ML старт + Алгоритмы старт,0.44692737430167595,False
e18756c9f7ab,53,2026-08-09 13:57:35,2026-08-09,13,1,4950.0,ML старт,0.44692737430167595,False
17249db693df,543,2026-08-09 14:01:24,2026-08-09,14,1,4950.0,Алгоритмы старт,0.44692737430167595,False
b01d0cab7bc8,476,2026-08-09 14:14:07,2026-08-09,14,2,8900.0,ML старт + Алгоритмы старт,0.5027932960893855,False
65b9a8e09760,64,2026-08-09 14:45:05,2026-08-09,14,1,4995.0,Алгоритмы,0.49798994974874367,False
dbcce1fcd892,335,2026-08-09 16:07:42,2026-08-09,16,2,9900.0,ML старт + Алгоритмы старт,0.44692737430167595,False
dc1b90c671a4,400,2026-08-09 16:12:09,2026-08-09,16,1,6490.0,Алгоритмы старт,0.27486033519553077,False
4a381e22b1ff,58,2026-08-09 16:12:46,2026-08-09,16,3,16390.0,Backend старт + ML старт + Алгоритмы старт,0.3895720670391062,False
2e4df94aad4b,435,2026-08-09 16:13:53,2026-08-09,16,2,9900.0,Аналитика про + Аналитика старт,0.44692737430167595,False
2d45a71d2d6c,365,2026-08-09 16:15:08,2026-08-09,16,1,6490.0,ML старт,0.27486033519553077,False
7eedd05c7926,286,2026-08-09 16:16:39,2026-08-09,16,1,6490.0,Аналитика старт,0.27486033519553077,False
c6da416a8f8c,96,2026-08-09 16:21:43,2026-08-09,16,1,6490.0,Аналитика старт,0.27486033519553077,False
7eb8565c68a2,321,2026-08-09 16:24:15,2026-08-09,16,1,6490.0,ML старт,0.27486033519553077,False
c4cd6e9b5656,550,2026-08-09 16:24:42,2026-08-09,16,1,5463.34,Алгоритмы старт,0.3895709497206704,False
6a65861be3ce,577,2026-08-09 16:26:30,2026-08-09,16,1,5463.33,Backend старт,0.3895720670391062,False
e8d1eedfde4e,176,2026-08-09 16:29:58,2026-08-09,16,1,6490.0,Алгоритмы,0.34773869346733666,False
04f8d1d8c6a6,331,2026-08-09 16:31:09,2026-08-09,16,2,9990.0,Алгоритмы старт + Аналитика старт,0.4418994413407821,False
ef4beb776ebc,138,2026-08-09 16:33:22,2026-08-09,16,1,6490.0,ML старт,0.27486033519553077,False
b229c1631159,40,2026-08-09 16:36:02,2026-08-09,16,1,6490.0,Аналитика старт,0.27486033519553077,False
a57b453ed785,488,2026-08-09 16:36:09,2026-08-09,16,1,19350.0,Алгоритмы,0.0,False
63aaec394d46,462,2026-08-09 16:45:22,2026-08-09,16,1,500.0,Алгоритмы старт,0.9441340782122905,False
7ed049ce1603,329,2026-08-09 16:51:47,2026-08-09,16,1,6490.0,Алгоритмы старт,0.27486033519553077,False
30d8fbf4e95b,12,2026-08-09 16:52:01,2026-08-09,16,1,6490.0,Backend старт,0.27486033519553077,False
0e33a0889e6a,371,2026-08-09 17:17:09,2026-08-09,17,2,9900.0,ML старт + Алгоритмы старт,0.44692737430167595,False
ffcf217808c4,380,2026-08-09 17:19:11,2026-08-09,17,1,6490.0,ML старт,0.27486033519553077,False
a72536f064e1,184,2026-08-09 17:20:07,2026-08-09,17,1,4950.0,Алгоритмы старт,0.44692737430167595,False
c2f32a8a55ac,470,2026-08-09 17:24:05,2026-08-09,17,2,9900.0,ML старт + Алгоритмы,0.47471996855787313,False
738697eceb2d,319,2026-08-09 17:25:06,2026-08-09,17,1,4950.0,ML старт,0.44692737430167595,False
0fa6a9bdacce,402,2026-08-09 17:25:40,2026-08-09,17,2,9990.0,ML старт + Алгоритмы старт,0.4418994413407821,False
4764a199b372,563,2026-08-09 17:28:24,2026-08-09,17,1,6490.0,Аналитика старт,0.27486033519553077,False
1a5a78d9c3d2,597,2026-08-09 18:00:04,2026-08-09,18,1,5990.0,ML старт,0.3307262569832402,False
a3071f247b8e,589,2026-08-09 18:06:31,2026-08-09,18,1,5990.0,Алгоритмы старт,0.3307262569832402,False
32eed419cb44,65,2026-08-09 18:45:20,2026-08-09,18,1,6490.0,Аналитика старт,0.27486033519553077,False
1c5f5ce0138f,103,2026-08-09 18:46:42,2026-08-09,18,1,6490.0,Аналитика старт,0.27486033519553077,False
f2b5393cb86d,62,2026-08-09 18:47:09,2026-08-09,18,2,9990.0,Backend старт + Алгоритмы старт,0.4418994413407821,False
8e8bcf0ff594,187,2026-08-09 18:48:05,2026-08-09,18,2,8990.0,Алгоритмы старт + Аналитика старт,0.4977653631284916,False
6b829620686f,369,2026-08-09 18:53:23,2026-08-09,18,1,4495.0,Алгоритмы старт,0.4977653631284916,False
d71a329e1d58,282,2026-08-09 18:55:57,2026-08-09,18,1,8745.0,ML про,0.022905027932960897,False
be15c076ccc9,323,2026-08-09 18:56:09,2026-08-09,18,2,9990.0,Backend старт + Алгоритмы,0.46994469554476287,False
8c944e32f8d2,382,2026-08-09 18:58:42,2026-08-09,18,2,8900.0,ML старт + Алгоритмы старт,0.5027932960893855,False
05f6dffe106b,228,2026-08-09 19:02:28,2026-08-09,19,1,6450.0,Data Science,0.07194244604316546,False
42285db4cf11,84,2026-08-09 19:07:32,2026-08-09,19,1,6490.0,Backend старт,0.27486033519553077,False
3449aeb4cda1,374,2026-08-09 19:11:48,2026-08-09,19,1,6450.0,Data Science,0.07194244604316546,False
d84bd0790718,63,2026-08-09 19:29:08,2026-08-09,19,2,12900.0,Data Engenering + Data Science,0.06857991867375662,False
cbb0a360ea70,433,2026-08-09 19:40:37,2026-08-09,19,2,9900.0,ML старт + Алгоритмы старт,0.44692737430167595,False
0b4ff0c8aa33,439,2026-08-09 20:20:29,2026-08-09,20,1,6490.0,Backend старт,0.27486033519553077,False
50e8dfe8601f,223,2026-08-09 20:27:29,2026-08-09,20,1,6490.0,Алгоритмы старт,0.27486033519553077,False
ac45eedd8f05,508,2026-08-09 21:33:27,2026-08-09,21,2,9900.0,Backend старт + Алгоритмы старт,0.44692737430167595,False
6575ba7c7ec0,478,2026-08-10 00:13:55,2026-08-10,0,1,6450.0,Data Engenering,0.06521739130434778,False
c90f6fea4597,57,2026-08-10 00:14:10,2026-08-10,0,1,4950.0,ML старт,0.44692737430167595,False
b1d72510fd42,445,2026-08-10 00:36:19,2026-08-10,0,1,4950.0,Аналитика про,0.44692737430167595,False
088073b452bf,93,2026-08-10 05:56:12,2026-08-10,5,1,6950.0,К ВУЗу,0.0,False
6c1b0d10e0f9,186,2026-08-10 06:13:10,2026-08-10,6,1,4950.0,Алгоритмы старт,0.44692737430167595,False
7165fe089167,544,2026-08-10 06:26:01,2026-08-10,6,1,4995.0,Алгоритмы,0.49798994974874367,False
6cdaf65b47bd,83,2026-08-10 07:52:44,2026-08-10,7,1,6490.0,Аналитика старт,0.27486033519553077,False
56c244f99635,152,2026-08-10 08:42:13,2026-08-10,8,1,6490.0,ML старт,0.27486033519553077,False
9335ed4af47f,446,2026-08-10 09:02:50,2026-08-10,9,1,6950.0,Data Engenering,0.0,False
d059f0dc3426,106,2026-08-10 10:53:02,2026-08-10,10,2,9900.0,Backend старт + Алгоритмы старт,0.44692737430167595,False
3a1c6db16570,158,2026-08-10 12:37:30,2026-08-10,12,2,9400.0,Backend старт + Алгоритмы,0.5012492630751523,False
f87607093221,164,2026-08-10 13:08:15,2026-08-10,13,1,8745.0,ML старт,0.022905027932960897,False
c63c6997320e,500,2026-08-10 13:21:01,2026-08-10,13,1,6490.0,Аналитика старт,0.27486033519553077,False
b7a8de698afc,467,2026-08-10 13:55:50,2026-08-10,13,1,6490.0,Аналитика старт,0.27486033519553077,False
a8f460a4c175,217,2026-08-10 14:24:20,2026-08-10,14,1,6950.0,К ВУЗу,0.0,False
90ab92b59fd4,258,2026-08-10 15:03:03,2026-08-10,15,1,6490.0,Алгоритмы,0.34773869346733666,False
7c24d3e79f9f,408,2026-08-10 15:22:41,2026-08-10,15,1,6490.0,Аналитика старт,0.27486033519553077,False
c80528553626,584,2026-08-10 15:33:39,2026-08-10,15,1,6490.0,Алгоритмы старт,0.27486033519553077,False
c398a246f8b1,519,2026-08-10 16:09:27,2026-08-10,16,3,14850.0,Алгоритмы старт + Аналитика про + Аналитика старт,0.44692737430167595,False
984e0c62a9b7,86,2026-08-10 16:16:30,2026-08-10,16,1,4950.0,Алгоритмы старт,0.44692737430167595,False
cea2fd7d4847,21,2026-08-10 16:29:36,2026-08-10,16,2,9900.0,Алгоритмы старт + Аналитика старт,0.44692737430167595,False
53b7732536b4,16,2026-08-10 16:56:42,2026-08-10,16,2,9900.0,ML старт + Алгоритмы старт,0.44692737430167595,False
cfda06b35575,67,2026-08-10 18:01:06,2026-08-10,18,1,6490.0,Аналитика старт,0.27486033519553077,False
86d551b38de8,498,2026-08-10 18:10:53,2026-08-10,18,2,9000.0,Аналитика про + Аналитика старт,0.4972067039106145,False
6781ef3398a7,52,2026-08-10 18:12:59,2026-08-10,18,1,6450.0,К ВУЗу,0.07194244604316546,False
d3e4ac548f5e,464,2026-08-10 18:30:49,2026-08-10,18,1,4500.0,Аналитика старт,0.4972067039106145,False
3d4b6769f48b,606,2026-08-10 18:36:00,2026-08-10,18,1,6450.0,К ВУЗу,0.07194244604316546,False
ebe4666664ea,546,2026-08-10 19:07:51,2026-08-10,19,1,6490.0,Аналитика старт,0.27486033519553077,False
311fdd972fd5,389,2026-08-10 19:12:23,2026-08-10,19,1,5990.0,Аналитика старт,0.3307262569832402,True
8c7621d69daa,588,2026-08-11 02:43:57,2026-08-11,2,1,6450.0,К ВУЗу,0.07194244604316546,False
a7189aa8449c,173,2026-08-11 07:48:36,2026-08-11,7,2,9900.0,ML старт + Алгоритмы старт,0.44692737430167595,False
dbf5c8668097,417,2026-08-11 10:51:54,2026-08-11,10,1,6950.0,К ВУЗу,0.0,False
f0c7c51d4bbd,281,2026-08-11 12:02:08,2026-08-11,12,1,4950.0,ML старт,0.44692737430167595,False
68f0e05d4c2c,339,2026-08-11 12:22:26,2026-08-11,12,1,6450.0,К ВУЗу,0.07194244604316546,False
25726b8c2beb,82,2026-08-11 12:46:14,2026-08-11,12,2,6490.0,Аналитика про + Аналитика старт,0.6374301675977654,False
cfb14078b5cc,142,2026-08-11 15:49:13,2026-08-11,15,1,6490.0,Аналитика старт,0.27486033519553077,False
4b1cc02ad547,304,2026-08-11 15:52:40,2026-08-11,15,1,6950.0,К ВУЗу,0.0,False
8c7ccb690884,311,2026-08-11 16:15:41,2026-08-11,16,2,9900.0,ML старт + Алгоритмы старт,0.44692737430167595,False
72bee7e6b110,453,2026-08-11 17:07:53,2026-08-11,17,1,4950.0,Алгоритмы старт,0.44692737430167595,False
4e6bbdc4ea45,505,2026-08-11 18:00:05,2026-08-11,18,2,9900.0,ML старт + Алгоритмы старт,0.44692737430167595,False
10f14d640eb4,112,2026-08-11 18:41:42,2026-08-11,18,2,16950.0,ML про + ML старт,0.05307262569832405,False
5ef3e10de019,179,2026-08-12 02:06:02,2026-08-12,2,1,6490.0,Аналитика старт,0.27486033519553077,False
6de3e597a187,537,2026-08-12 04:49:43,2026-08-12,4,2,9900.0,ML старт + Алгоритмы старт,0.44692737430167595,False
e146c95ab0bd,46,2026-08-12 05:13:04,2026-08-12,5,1,6450.0,К ВУЗу,0.07194244604316546,False
ff2c72f90687,260,2026-08-12 05:32:11,2026-08-12,5,2,9900.0,Алгоритмы + Алгоритмы про,0.47471996855787313,False
0ca9bb13e77a,234,2026-08-12 06:04:03,2026-08-12,6,1,4950.0,ML старт,0.44692737430167595,False
4567dc5bfbb8,332,2026-08-12 06:44:05,2026-08-12,6,1,9900.0,ML старт,0.0,False
85a88a278e36,41,2026-08-12 10:22:39,2026-08-12,10,1,6500.0,ML старт,0.2737430167597765,False
cdaa12043d2c,536,2026-08-12 12:22:52,2026-08-12,12,2,16950.0,Аналитика про + Аналитика старт,0.05307262569832405,False
7288e18eea52,460,2026-08-12 13:12:40,2026-08-12,13,1,8745.0,Аналитика старт,0.022905027932960897,False
d3011688db91,388,2026-08-12 13:28:18,2026-08-12,13,1,7000.0,ML старт,0.2178770949720671,False
e80b2a058269,521,2026-08-12 14:21:51,2026-08-12,14,1,6450.0,К ВУЗу,0.07194244604316546,False
745b33be2f31,586,2026-08-12 17:45:53,2026-08-12,17,1,8745.0,Аналитика старт,0.022905027932960897,False
9b2828b9faf0,170,2026-08-12 17:51:00,2026-08-12,17,1,6000.0,ML старт,0.3296089385474861,False
9f5904b4d377,348,2026-08-12 19:17:21,2026-08-12,19,1,6950.0,К ВУЗу,0.0,False
89347375803b,364,2026-08-13 00:01:02,2026-08-13,0,1,8475.0,Аналитика про,0.05307262569832405,False
a7311f8a0efe,66,2026-08-13 05:36:55,2026-08-13,5,1,8745.0,Алгоритмы старт,0.022905027932960897,False
7d13643f11b4,426,2026-08-13 09:26:22,2026-08-13,9,1,6000.0,ML старт,0.3296089385474861,False
84dfe3ed6562,342,2026-08-13 09:48:34,2026-08-13,9,1,9950.0,Теория вероятностей,0.0,False
5b134997e39b,275,2026-08-13 09:51:23,2026-08-13,9,1,8745.0,Алгоритмы старт,0.022905027932960897,False
ced361aa5936,132,2026-08-13 11:39:13,2026-08-13,11,1,8745.0,Аналитика про,0.022905027932960897,False
152ae7b03922,175,2026-08-13 16:14:01,2026-08-13,16,1,9950.0,Теория вероятностей,0.0,False
2616457bc5b5,153,2026-08-13 18:30:59,2026-08-13,18,1,5750.0,Алгоритмы,0.42211055276381915,False
beeb79a23fdc,208,2026-08-13 19:25:17,2026-08-13,19,1,6450.0,К ВУЗу,0.07194244604316546,False
fa65618e6c07,79,2026-08-14 04:09:52,2026-08-14,4,1,9950.0,Теория вероятностей,0.0,False
75431dbc34d7,229,2026-08-14 04:19:44,2026-08-14,4,1,9950.0,Теория вероятностей,0.0,False
b05ea0e6242e,474,2026-08-14 07:16:32,2026-08-14,7,1,6950.0,К ВУЗу,0.0,False
490761863329,45,2026-08-14 10:04:52,2026-08-14,10,1,5750.0,Алгоритмы,0.42211055276381915,False
7306d87be761,442,2026-08-14 11:21:45,2026-08-14,11,1,6950.0,К ВУЗу,0.0,False
5c28e849b7be,316,2026-08-14 12:59:02,2026-08-14,12,1,4495.0,АВ тестам,0.4512269564155781,False
87028ef7c4cd,448,2026-08-14 14:23:30,2026-08-14,14,2,16950.0,ML про + ML старт,0.05307262569832405,False
89df3dca465f,391,2026-08-14 18:55:11,2026-08-14,18,1,8745.0,Алгоритмы старт,0.022905027932960897,False
de3bc65b5b90,420,2026-08-14 20:17:00,2026-08-14,20,1,6950.0,К ВУЗу,0.0,False
79b9a697f06b,276,2026-08-15 12:43:23,2026-08-15,12,2,5750.0,ML старт + Алгоритмы старт,0.6787709497206704,False
57dfc6a3b0df,162,2026-08-15 12:51:04,2026-08-15,12,1,6950.0,К ВУЗу,0.0,False
03500598f008,130,2026-08-15 14:59:16,2026-08-15,14,1,9950.0,Алгоритмы,0.0,False
ea7abeafe96e,482,2026-08-15 16:30:16,2026-08-15,16,2,16950.0,ML старт + Алгоритмы,0.10065691586423742,False
e4eec69d1c33,484,2026-08-15 19:17:47,2026-08-15,19,1,8745.0,Аналитика старт,0.022905027932960897,False
b8ac23207bd7,564,2026-08-16 04:38:14,2026-08-16,4,1,8745.0,Аналитика старт,0.022905027932960897,False
4d166d8307b7,479,2026-08-16 09:40:02,2026-08-16,9,1,8745.0,Аналитика старт,0.022905027932960897,False
c8abc4fc7d5b,441,2026-08-16 09:40:30,2026-08-16,9,1,8745.0,Алгоритмы старт,0.022905027932960897,False
47d0003de47c,133,2026-08-16 09:59:37,2026-08-16,9,2,9900.0,Аналитика про + Аналитика старт,0.44692737430167595,False
1e3ae4291372,143,2026-08-16 13:21:36,2026-08-16,13,1,6950.0,К ВУЗу,0.0,False
75c6ac2dbdb5,361,2026-08-17 10:53:42,2026-08-17,10,2,17490.0,ML старт + Алгоритмы старт,0.022905027932960897,False
7162211cedae,522,2026-08-17 16:24:17,2026-08-17,16,1,6950.0,К ВУЗу,0.0,False
a564cff6a337,562,2026-08-17 22:34:23,2026-08-17,22,1,8745.0,ML старт,0.022905027932960897,False
48684f5ed291,346,2026-08-18 10:15:05,2026-08-18,10,1,8745.0,ML старт,0.022905027932960897,False
787d65da2a0f,477,2026-08-18 15:06:11,2026-08-18,15,1,9450.0,Линейная алгебра,0.05025125628140703,True
5548f550c627,603,2026-08-18 16:34:39,2026-08-18,16,1,8745.0,Аналитика старт,0.022905027932960897,False
dea537f4fda3,75,2026-08-18 18:53:33,2026-08-18,18,2,16950.0,Аналитика про + Аналитика старт,0.05307262569832405,False
ed005d13d2ff,70,2026-08-18 19:10:04,2026-08-18,19,1,8475.0,Аналитика старт,0.05307262569832405,False
2a6784620638,413,2026-08-18 19:40:47,2026-08-18,19,1,8745.0,Аналитика старт,0.022905027932960897,False
add532957457,468,2026-08-19 07:10:12,2026-08-19,7,1,9450.0,Линейная алгебра,0.05025125628140703,False
8d1d7f2e3494,287,2026-08-19 07:46:07,2026-08-19,7,1,6950.0,Data Science,0.0,False
b7cd7e530155,575,2026-08-19 09:21:46,2026-08-19,9,3,24735.0,Алгоритмы старт + Аналитика про + Аналитика старт,0.07877094972067034,False
9abb85284f5f,386,2026-08-19 13:53:46,2026-08-19,13,1,7000.0,Backend про,0.2178770949720671,False
bae9781463e7,592,2026-08-19 20:38:02,2026-08-19,20,1,8245.0,Алгоритмы старт,0.07877094972067034,False
1efbf21bc7fe,351,2026-08-20 11:12:25,2026-08-20,11,1,9450.0,Линейная алгебра,0.05025125628140703,False
e55a66921b58,392,2026-08-20 13:14:17,2026-08-20,13,1,8745.0,Аналитика старт,0.022905027932960897,False
d41a329d6b8c,501,2026-08-20 14:06:32,2026-08-20,14,1,8745.0,ML старт,0.022905027932960897,False
912179fc6728,492,2026-08-20 14:21:52,2026-08-20,14,1,9950.0,Теория вероятностей,0.0,False
8a37a8333a61,146,2026-08-20 16:27:30,2026-08-20,16,1,6950.0,К ВУЗу,0.0,False
63097ad7745a,101,2026-08-20 17:34:00,2026-08-20,17,1,8745.0,Алгоритмы старт,0.022905027932960897,False
605cf3214b1a,199,2026-08-21 09:02:18,2026-08-21,9,1,9950.0,Мат анализ,0.0,False
128e52d6585a,578,2026-08-21 12:29:55,2026-08-21,12,1,8245.0,Аналитика про,0.07877094972067034,False
da666cf1d815,92,2026-08-21 15:14:39,2026-08-21,15,1,9950.0,Линейная алгебра,0.0,False
2cce0a848eed,69,2026-08-22 04:22:43,2026-08-22,4,1,6950.0,К ВУЗу,0.0,False
b07c413c3d2a,437,2026-08-22 08:23:59,2026-08-22,8,1,8950.0,AI агенты,0.0,True
b528bb62f403,218,2026-08-22 09:03:23,2026-08-22,9,2,16950.0,Backend про + Алгоритмы про,0.05307262569832405,False
eb3ae0850809,156,2026-08-22 10:54:14,2026-08-22,10,2,14950.0,Алгоритмы про + Алгоритмы старт,0.16480446927374304,False
609c1a82b577,211,2026-08-22 11:08:24,2026-08-22,11,2,14950.0,AI агенты + ML про,0.16480446927374304,False
3a7e99263062,370,2026-08-22 11:14:12,2026-08-22,11,1,5750.0,Backend про,0.35754189944134074,True
f70194e2cffa,277,2026-08-22 11:24:53,2026-08-22,11,1,5750.0,Backend про,0.35754189944134074,False
ea871e6a9799,293,2026-08-22 11:35:35,2026-08-22,11,1,8950.0,Backend про,0.0,False
08b6c8d618ad,353,2026-08-22 11:39:22,2026-08-22,11,1,8950.0,Аналитика старт,0.0,False
2642b5531eb3,458,2026-08-22 11:58:37,2026-08-22,11,1,8450.0,Backend про,0.05586592178770955,False
944be409f313,87,2026-08-22 13:23:20,2026-08-22,13,1,7475.0,Алгоритмы про,0.16480446927374304,False
8d38b4d2518e,248,2026-08-22 13:43:42,2026-08-22,13,1,7475.0,ML про,0.16480446927374304,False
6e5f6510bfc2,496,2026-08-22 15:01:37,2026-08-22,15,1,8950.0,ML старт,0.0,False
669d9f14f3db,372,2026-08-22 15:11:44,2026-08-22,15,1,7450.0,AI агенты,0.16759776536312854,False
581af6e407de,525,2026-08-22 15:39:49,2026-08-22,15,1,8950.0,Аналитика старт,0.0,False
ac46e9d80efe,600,2026-08-22 15:48:13,2026-08-22,15,1,7450.0,AI агенты,0.16759776536312854,False
1616d44c21ef,485,2026-08-22 16:02:00,2026-08-22,16,1,8450.0,Аналитика про,0.05586592178770955,False
12f607a59982,5,2026-08-22 16:19:00,2026-08-22,16,1,5750.0,ML про,0.35754189944134074,False
82f9e08f0b91,595,2026-08-22 16:55:59,2026-08-22,16,2,14950.0,AI агенты + ML про,0.16480446927374304,False
fec6fae25652,17,2026-08-22 17:01:20,2026-08-22,17,1,9950.0,Алгоритмы,0.0,False
c5acad76376c,297,2026-08-22 17:26:07,2026-08-22,17,1,8450.0,Алгоритмы,0.1507537688442211,False
529c7af35010,240,2026-08-22 18:00:15,2026-08-22,18,1,6450.0,Алгоритмы про,0.2793296089385475,False
3905e7d4428a,373,2026-08-22 18:58:36,2026-08-22,18,2,14950.0,Алгоритмы про + Алгоритмы старт,0.16480446927374304,False
807798cb551c,220,2026-08-22 19:19:35,2026-08-22,19,1,9950.0,Линейная алгебра,0.0,False
2818923a23be,200,2026-08-22 19:40:16,2026-08-22,19,2,14950.0,Аналитика про + Аналитика старт,0.16480446927374304,False
5b31ae9add7c,263,2026-08-22 19:53:10,2026-08-22,19,1,8950.0,ML про,0.0,False
8594e8f67cd6,559,2026-08-23 04:11:37,2026-08-23,4,1,8450.0,Алгоритмы,0.1507537688442211,False
d9e027beba12,338,2026-08-23 06:47:37,2026-08-23,6,2,14950.0,Аналитика про + Аналитика старт,0.16480446927374304,False
5e0dbafbf831,209,2026-08-23 06:58:29,2026-08-23,6,1,8950.0,Backend про,0.0,False
2a5125674c27,221,2026-08-23 07:41:37,2026-08-23,7,2,14950.0,Аналитика про + Аналитика старт,0.16480446927374304,False
ef47d76cd917,118,2026-08-23 08:24:45,2026-08-23,8,1,8450.0,Backend про,0.05586592178770955,False
fe19a59e3958,514,2026-08-23 09:48:08,2026-08-23,9,1,8950.0,ML старт,0.0,False
4ecb2ddb41b5,312,2026-08-23 09:59:13,2026-08-23,9,1,7475.0,Аналитика про,0.16480446927374304,False
9d1de41a35c1,30,2026-08-23 10:06:51,2026-08-23,10,1,8950.0,ML про,0.0,False
39d1f9532289,581,2026-08-23 11:19:47,2026-08-23,11,1,8950.0,ML про,0.0,False
1f88507333ab,341,2026-08-23 11:59:04,2026-08-23,11,1,8950.0,ML про,0.0,False
b88df8343138,237,2026-08-23 13:29:45,2026-08-23,13,1,8950.0,AI агенты,0.0,False
7a7cdc6344a8,447,2026-08-23 13:46:56,2026-08-23,13,1,8450.0,Backend про,0.05586592178770955,False
0416df540d0d,98,2026-08-23 14:14:48,2026-08-23,14,2,14950.0,Аналитика про + Аналитика старт,0.16480446927374304,False
0f4a8e82f034,580,2026-08-23 14:38:29,2026-08-23,14,1,8950.0,AI агенты,0.0,False
077a637f54ab,71,2026-08-23 14:57:08,2026-08-23,14,1,8450.0,Алгоритмы,0.1507537688442211,False
1149cc7faf2f,436,2026-08-23 15:04:52,2026-08-23,15,1,8450.0,Алгоритмы про,0.05586592178770955,False
837f2de6f09d,229,2026-08-23 15:38:51,2026-08-23,15,1,8450.0,AI агенты,0.05586592178770955,True
96a77b9dc0b7,307,2026-08-23 15:39:57,2026-08-23,15,1,8450.0,Аналитика про,0.05586592178770955,False
fe84d2e14fa3,235,2026-08-23 16:04:24,2026-08-23,16,1,8450.0,AI агенты,0.05586592178770955,False
563b218c4619,430,2026-08-23 16:17:56,2026-08-23,16,1,8000.0,К ВУЗу,0.0,True
a59c932ade0e,172,2026-08-23 16:29:57,2026-08-23,16,1,8950.0,AI агенты,0.0,False
244a68facfe1,315,2026-08-23 16:40:25,2026-08-23,16,2,14950.0,AI агенты + Backend про,0.16480446927374304,False
8f9af576113d,149,2026-08-23 16:50:14,2026-08-23,16,1,8950.0,ML про,0.0,False
d138c97a89ef,290,2026-08-23 16:53:02,2026-08-23,16,1,7475.0,Аналитика старт,0.16480446927374304,False
1fcebeea1236,557,2026-08-23 16:56:11,2026-08-23,16,1,8950.0,ML про,0.0,False
fd77f2b66a8c,513,2026-08-23 17:34:10,2026-08-23,17,2,13950.0,AI агенты + Алгоритмы про,0.22067039106145248,False
6ab400c1ea24,424,2026-08-23 17:45:31,2026-08-23,17,2,14950.0,AI агенты + Аналитика про,0.16480446927374304,False
c2a6a4b93f24,216,2026-08-23 18:13:18,2026-08-23,18,1,7475.0,AI агенты,0.16480446927374304,False
589b38248688,367,2026-08-23 18:18:15,2026-08-23,18,1,8245.0,Аналитика старт,0.07877094972067034,False
f188bc9c8388,542,2026-08-23 18:26:56,2026-08-23,18,1,8950.0,Backend старт,0.0,False
0518e64da95a,107,2026-08-23 18:28:17,2026-08-23,18,2,13950.0,AI агенты + Аналитика про,0.22067039106145248,False
b3943c15caf1,298,2026-08-23 18:48:14,2026-08-23,18,1,6975.0,Аналитика про,0.22067039106145248,False
bc4861797ffc,95,2026-08-23 19:08:11,2026-08-23,19,2,14950.0,AI агенты + Аналитика про,0.16480446927374304,False
f2bc69395a3c,203,2026-08-23 20:42:20,2026-08-23,20,2,14950.0,AI агенты + Аналитика про,0.16480446927374304,False
769a3118d3e2,539,2026-08-23 20:55:41,2026-08-23,20,1,8950.0,AI агенты,0.0,False
e841f0b2f196,257,2026-08-23 20:56:06,2026-08-23,20,1,8450.0,Backend про,0.05586592178770955,False
9f26b164ccf6,360,2026-08-23 20:57:22,2026-08-23,20,1,8950.0,AI агенты,0.0,False
3dc0a4e12757,213,2026-08-23 20:58:38,2026-08-23,20,1,8950.0,Аналитика про,0.0,False
d96ab23a6323,104,2026-08-23 21:00:30,2026-08-23,21,2,14950.0,AI агенты + ML про,0.16480446927374304,False
5a654c848b9b,91,2026-08-24 00:44:40,2026-08-24,0,1,8950.0,ML старт,0.0,False
fb942ac8ee2b,357,2026-08-24 02:46:33,2026-08-24,2,1,9950.0,Теория вероятностей,0.0,False
02ddaf96fba0,440,2026-08-24 03:20:05,2026-08-24,3,1,7475.0,ML про,0.16480446927374304,False
3b56a0738c71,215,2026-08-24 03:22:36,2026-08-24,3,1,6975.0,Алгоритмы про,0.22067039106145248,False
ce4f5a1eaaa1,549,2026-08-24 05:25:17,2026-08-24,5,2,16445.0,AI агенты + Backend про,0.08128491620111733,False
39804d3c32b8,425,2026-08-24 07:03:39,2026-08-24,7,1,8503.0,AI агенты,0.0499441340782123,False
b163d49bf81b,489,2026-08-24 08:47:25,2026-08-24,8,1,8850.0,ML старт,0.011173184357541888,False
8587e385bee9,243,2026-08-24 10:40:35,2026-08-24,10,1,8950.0,AI агенты,0.0,False
87db1540a815,268,2026-08-24 12:52:49,2026-08-24,12,1,8950.0,AI агенты,0.0,False
6a4aab917001,529,2026-08-24 13:11:03,2026-08-24,13,2,14950.0,Алгоритмы про + Алгоритмы старт,0.16480446927374304,False
408eb03891ba,368,2026-08-24 14:21:10,2026-08-24,14,1,8950.0,Аналитика про,0.0,False
8116be4ef2ba,141,2026-08-24 14:48:12,2026-08-24,14,1,7475.0,Алгоритмы старт,0.16480446927374304,False
ddb8842ae45b,192,2026-08-24 15:05:04,2026-08-24,15,2,14950.0,AI агенты + ML про,0.16480446927374304,False
a88288ff304d,475,2026-08-24 15:16:31,2026-08-24,15,1,9950.0,Линейная алгебра,0.0,False
8f455aa5907b,85,2026-08-24 15:57:32,2026-08-24,15,1,8950.0,Аналитика про,0.0,False
79bcd052d82e,194,2026-08-24 16:25:21,2026-08-24,16,1,8950.0,Алгоритмы старт,0.0,False
d301b24b0fb7,111,2026-08-24 16:49:26,2026-08-24,16,1,8950.0,Аналитика про,0.0,False
74e6fefa0dfc,299,2026-08-24 16:58:19,2026-08-24,16,1,8950.0,Аналитика про,0.0,False
07aacec0f777,201,2026-08-24 17:28:20,2026-08-24,17,1,6950.0,Data Science,0.0,False
d43f1940603d,263,2026-08-25 03:19:38,2026-08-25,3,1,6000.0,AI агенты,0.3296089385474861,True
cb3f3ba6ce86,583,2026-08-25 04:27:38,2026-08-25,4,1,8950.0,AI агенты,0.0,False
b4b1b83d4986,168,2026-08-25 06:26:04,2026-08-25,6,2,14950.0,AI агенты + ML про,0.16480446927374304,False
6bffb33d9870,165,2026-08-25 07:21:38,2026-08-25,7,1,8450.0,Аналитика про,0.05586592178770955,False
386a8a06b0a4,455,2026-08-25 07:53:50,2026-08-25,7,1,8950.0,Backend старт,0.0,False
1ff7f9433be7,148,2026-08-25 09:49:25,2026-08-25,9,1,7475.0,AI агенты,0.16480446927374304,False
9f3e6fb2d8ae,116,2026-08-25 10:01:02,2026-08-25,10,2,14950.0,АВ тестам + Аналитика про,0.12610874177885661,False
80e8328b33c1,121,2026-08-25 11:38:56,2026-08-25,11,1,8950.0,AI агенты,0.0,False
5f697b600306,138,2026-08-25 12:39:08,2026-08-25,12,1,5750.0,ML про,0.35754189944134074,True
13399b062dff,463,2026-08-25 13:16:31,2026-08-25,13,1,8950.0,ML про,0.0,False
58332863fb09,560,2026-08-25 14:09:51,2026-08-25,14,1,8950.0,AI агенты,0.0,False
d5732575f543,140,2026-08-25 16:01:50,2026-08-25,16,1,8450.0,Аналитика старт,0.05586592178770955,False
ce536ea84dbc,202,2026-08-25 19:24:14,2026-08-25,19,2,14950.0,AI агенты + Backend про,0.16480446927374304,False
f9baaa96465d,452,2026-08-25 21:09:34,2026-08-25,21,1,8450.0,AI агенты,0.05586592178770955,False
ebbcfa6bf19b,269,2026-08-25 22:26:03,2026-08-25,22,1,7475.0,Backend про,0.16480446927374304,False
77f070483b52,163,2026-08-26 01:23:32,2026-08-26,1,1,8450.0,AI агенты,0.05586592178770955,False
b59220a2c833,418,2026-08-26 04:03:43,2026-08-26,4,2,14950.0,Backend про + Backend старт,0.16480446927374304,False
520431ba00a7,552,2026-08-26 04:37:12,2026-08-26,4,1,7475.0,Аналитика про,0.16480446927374304,False
c019fd860b9b,605,2026-08-26 07:26:53,2026-08-26,7,1,8950.0,Алгоритмы про,0.0,False
3690b488a128,178,2026-08-26 09:15:13,2026-08-26,9,1,8950.0,AI агенты,0.0,False
c46af45e1125,599,2026-08-26 12:25:10,2026-08-26,12,1,8950.0,Аналитика старт,0.0,False
90c3a3987443,466,2026-08-26 13:56:39,2026-08-26,13,1,8950.0,ML про,0.0,False
ae082f4a375d,255,2026-08-26 14:52:53,2026-08-26,14,1,8950.0,ML старт,0.0,False
d284df4f5e3b,587,2026-08-26 21:47:21,2026-08-26,21,1,8450.0,AI агенты,0.05586592178770955,False
8ec3e9569384,136,2026-08-27 08:57:04,2026-08-27,8,2,14950.0,AI агенты + Backend про,0.16480446927374304,False
3110cfe8573c,506,2026-08-27 12:29:06,2026-08-27,12,1,8950.0,AI агенты,0.0,False
c606bea6381c,526,2026-08-27 13:32:56,2026-08-27,13,1,8950.0,AI агенты,0.0,False
ebbc6d2a5bc9,185,2026-08-27 14:36:47,2026-08-27,14,2,13950.0,AI агенты + ML про,0.22067039106145248,False
66deeb32c371,568,2026-08-27 15:10:07,2026-08-27,15,2,14950.0,ML старт + Аналитика про,0.16480446927374304,False
b00f81225ca8,191,2026-08-27 15:11:14,2026-08-27,15,4,29850.0,AI агенты + Алгоритмы + Мат анализ + Теория вероятностей,0.25,False
84abd7d7504c,39,2026-08-27 17:02:28,2026-08-27,17,1,9950.0,Мат анализ,0.0,False
2b9a664542d5,61,2026-08-27 19:44:33,2026-08-27,19,2,13950.0,ML про + ML старт,0.22067039106145248,False
e7c83c17b7fe,11,2026-08-27 20:09:27,2026-08-27,20,1,6975.0,ML старт,0.22067039106145248,False
9df4904b3c3b,122,2026-08-27 20:55:44,2026-08-27,20,2,14950.0,ML про + ML старт,0.16480446927374304,False
59c756a6082c,177,2026-08-28 10:47:56,2026-08-28,10,1,8950.0,Аналитика старт,0.0,False
4069c787a001,219,2026-08-28 13:23:53,2026-08-28,13,1,9950.0,Мат анализ,0.0,False
85fef313b596,322,2026-08-28 14:03:47,2026-08-28,14,2,14950.0,ML про + Алгоритмы старт,0.16480446927374304,False
43bc88230a0f,289,2026-08-28 16:24:51,2026-08-28,16,1,8950.0,AI агенты,0.0,False
a7cfe5f8d8c0,29,2026-08-28 18:20:56,2026-08-28,18,1,8450.0,Backend старт,0.05586592178770955,False
08b3af4cdb74,314,2026-08-28 18:44:36,2026-08-28,18,1,8950.0,Аналитика старт,0.0,False
bdb935cd7ae5,236,2026-08-29 05:27:29,2026-08-29,5,1,7475.0,ML про,0.16480446927374304,False
a745d138d042,340,2026-08-29 09:29:52,2026-08-29,9,2,11950.0,АВ тестам + Аналитика старт,0.30147153607072485,False
de8e76e07183,393,2026-08-29 09:45:18,2026-08-29,9,1,9450.0,Мат анализ,0.05025125628140703,False
3b8e1d3d69d3,144,2026-08-29 11:51:08,2026-08-29,11,2,8950.0,Аналитика про + Аналитика старт,0.5,False
86d1547179a4,242,2026-08-29 13:44:52,2026-08-29,13,1,8950.0,ML про,0.0,False
04f698cfee73,27,2026-08-29 14:47:39,2026-08-29,14,1,8950.0,ML про,0.0,False
db4b265593d5,99,2026-08-29 19:35:36,2026-08-29,19,1,8450.0,AI агенты,0.05586592178770955,False
0e0bfebd2866,483,2026-08-29 19:38:52,2026-08-29,19,1,8450.0,AI агенты,0.05586592178770955,False
ece2949b55f8,432,2026-08-29 19:39:58,2026-08-29,19,1,8950.0,Backend про,0.0,False
fdaad9a169f2,585,2026-08-29 19:40:39,2026-08-29,19,2,13950.0,AI агенты + ML про,0.22067039106145248,False
2b61855a5354,285,2026-08-30 08:22:49,2026-08-30,8,2,13950.0,AI агенты + ML про,0.22067039106145248,False
3e5ec862deff,535,2026-08-30 08:24:30,2026-08-30,8,2,14950.0,Backend старт + Алгоритмы старт,0.16480446927374304,False
7184d722dfe3,573,2026-08-30 09:39:42,2026-08-30,9,1,8950.0,AI агенты,0.0,False
e182123afaa8,531,2026-08-30 10:04:17,2026-08-30,10,1,8950.0,Backend старт,0.0,False
1f78cccbada6,432,2026-08-30 10:31:12,2026-08-30,10,1,8545.0,AI агенты,0.04525139664804467,True
2cd26c2fb151,411,2026-08-30 11:21:33,2026-08-30,11,1,8545.0,AI агенты,0.04525139664804467,False
11680ec64cbc,284,2026-08-30 11:56:49,2026-08-30,11,1,6975.0,ML про,0.22067039106145248,False
874e99fe8431,534,2026-08-30 12:55:04,2026-08-30,12,1,8450.0,AI агенты,0.05586592178770955,False
da7a16823aa1,145,2026-08-30 13:06:05,2026-08-30,13,1,8950.0,Аналитика про,0.0,False
176b0a007fee,81,2026-08-30 13:44:26,2026-08-30,13,1,8450.0,AI агенты,0.05586592178770955,False
af43d8140545,76,2026-08-30 14:48:44,2026-08-30,14,2,13950.0,Алгоритмы про + Аналитика про,0.22067039106145248,False
39f9e05d3971,565,2026-08-30 15:30:24,2026-08-30,15,2,13950.0,Алгоритмы про + Алгоритмы старт,0.22067039106145248,False
fa301ce537b6,437,2026-08-30 16:16:42,2026-08-30,16,1,1000.0,AI агенты,0.888268156424581,True
2de8fae7e4d8,253,2026-08-30 17:04:49,2026-08-30,17,1,8950.0,AI агенты,0.0,False
80ef54a940f6,241,2026-08-30 17:07:59,2026-08-30,17,1,8950.0,Backend старт,0.0,False
e4c140ead9a0,25,2026-08-30 18:34:15,2026-08-30,18,1,8450.0,ML про,0.05586592178770955,False
0bd470ab988a,566,2026-08-30 18:45:42,2026-08-30,18,1,8450.0,ML про,0.05586592178770955,False
fa9e4827aac4,274,2026-08-30 23:37:30,2026-08-30,23,1,6975.0,Аналитика про,0.22067039106145248,False
1e29fc4a0fd0,14,2026-08-30 23:52:21,2026-08-30,23,1,8950.0,AI агенты,0.0,False
83683099a31d,90,2026-08-31 01:05:18,2026-08-31,1,1,6975.0,Алгоритмы старт,0.22067039106145248,False
083447f65b83,538,2026-08-31 06:14:52,2026-08-31,6,2,14950.0,Backend старт + Алгоритмы старт,0.16480446927374304,False
cb84b9d4d53d,157,2026-08-31 06:39:53,2026-08-31,6,2,14950.0,AI агенты + ML про,0.16480446927374304,False
5c649ef1ed04,134,2026-08-31 08:06:47,2026-08-31,8,1,6975.0,Алгоритмы про,0.22067039106145248,False
70efdca5b92b,267,2026-08-31 08:26:17,2026-08-31,8,1,8950.0,Аналитика про,0.0,False
a18a25c494e9,387,2026-08-31 09:09:41,2026-08-31,9,1,8545.0,AI агенты,0.04525139664804467,False
dba831d97268,403,2026-08-31 10:18:44,2026-08-31,10,1,8950.0,Backend про,0.0,False
661a1588f84e,497,2026-08-31 12:11:14,2026-08-31,12,1,8950.0,Backend про,0.0,False
8865d5892d20,26,2026-08-31 14:03:44,2026-08-31,14,2,17950.0,Backend про + Дискретка,0.0,True
14a745f1e673,503,2026-08-31 14:40:32,2026-08-31,14,2,14943.0,Аналитика про + Аналитика старт,0.16519553072625703,False
67aafe81d47d,4,2026-08-31 15:42:34,2026-08-31,15,1,8950.0,AI агенты,0.0,False
4975a4218b28,599,2026-08-31 16:05:26,2026-08-31,16,1,8950.0,Аналитика про,0.0,True
baec1aec4214,305,2026-08-31 17:03:19,2026-08-31,17,2,14950.0,Алгоритмы про + Алгоритмы старт,0.16480446927374304,False
2f7932a6a56a,239,2026-08-31 17:06:09,2026-08-31,17,1,8450.0,Аналитика про,0.05586592178770955,False
17c8258aadc2,77,2026-08-31 17:54:30,2026-08-31,17,1,8450.0,Аналитика про,0.05586592178770955,False
3032d270b81b,171,2026-08-31 18:20:33,2026-08-31,18,1,8950.0,Аналитика про,0.0,False
b78136c12c8d,272,2026-08-31 18:34:40,2026-08-31,18,1,8950.0,Аналитика про,0.0,False
b833d2db3c67,324,2026-08-31 19:22:31,2026-08-31,19,1,8450.0,AI агенты,0.05586592178770955,False
364ffad0c024,301,2026-08-31 20:57:15,2026-08-31,20,2,17950.0,ML старт + Аналитика старт,0.0,False
b96b3d78f1fd,390,2026-09-01 02:23:30,2026-09-01,2,1,8975.0,Аналитика старт,0.0,False
ffe3ba056663,189,2026-09-01 07:49:46,2026-09-01,7,1,8945.0,Аналитика старт,0.0005586592178771221,False
cc7de95a48fe,495,2026-09-01 10:30:21,2026-09-01,10,2,14950.0,ML про + ML старт,0.16480446927374304,False
f6b2958f761b,296,2026-09-01 10:46:43,2026-09-01,10,1,8950.0,Аналитика старт,0.0,False
801f420d2525,195,2026-09-01 10:54:53,2026-09-01,10,1,8450.0,AI агенты,0.05586592178770955,False
c70ebf375967,524,2026-09-01 11:54:01,2026-09-01,11,1,8945.0,Аналитика про,0.0005586592178771221,False
0a58db94e9d3,423,2026-09-01 12:44:58,2026-09-01,12,1,7475.0,ML про,0.16480446927374304,False
3a8b3769c779,115,2026-09-01 13:09:50,2026-09-01,13,1,8945.0,Аналитика про,0.0005586592178771221,False
afd112f15df2,247,2026-09-01 14:59:35,2026-09-01,14,2,14950.0,ML про + ML старт,0.16480446927374304,False
c52567afce41,144,2026-09-01 15:30:39,2026-09-01,15,1,8950.0,Аналитика про,0.0,True
77ae5605efd2,547,2026-09-01 15:53:22,2026-09-01,15,2,14950.0,Backend про + Алгоритмы про,0.16480446927374304,False
13e8f7a4e6cc,226,2026-09-01 17:03:44,2026-09-01,17,1,7475.0,ML старт,0.16480446927374304,False
fc01efe4b8d5,34,2026-09-01 17:23:37,2026-09-01,17,1,8945.0,Аналитика про,0.0005586592178771221,False
ccb494da762c,231,2026-09-01 18:08:01,2026-09-01,18,5,41225.0,Алгоритмы + Дискретка + Линейная алгебра + Мат анализ + Теория вероятностей,0.17135678391959797,False
68c8778791f1,181,2026-09-01 18:44:37,2026-09-01,18,1,8950.0,Аналитика про,0.0,False
272da397445a,343,2026-09-01 19:07:54,2026-09-01,19,1,8950.0,ML старт,0.0,False
fa0f1c58e184,114,2026-09-01 19:16:56,2026-09-01,19,2,13950.0,AI агенты + ML про,0.22067039106145248,False
0f62c96049be,88,2026-09-01 19:27:16,2026-09-01,19,1,8950.0,AI агенты,0.0,False
d3b65566363b,139,2026-09-01 20:30:07,2026-09-01,20,2,13950.0,AI агенты + ML старт,0.22067039106145248,False
1fa4d54b47f4,37,2026-09-02 04:13:14,2026-09-02,4,1,5750.0,Backend про,0.35754189944134074,False
af1aab29a224,558,2026-09-02 08:49:58,2026-09-02,8,1,8245.0,Линейная алгебра,0.17135678391959797,False
8ad7c64159d4,288,2026-09-02 08:57:12,2026-09-02,8,1,8945.0,Аналитика про,0.0005586592178771221,False
fc5a50676ff9,486,2026-09-02 09:28:52,2026-09-02,9,1,8950.0,Backend про,0.0,False
9582603dbf60,555,2026-09-02 09:38:46,2026-09-02,9,2,14950.0,Алгоритмы про + Алгоритмы старт,0.16480446927374304,False
31aec38c975f,551,2026-09-02 09:58:19,2026-09-02,9,1,8950.0,Backend про,0.0,False
909de2108a38,419,2026-09-02 10:06:52,2026-09-02,10,2,14950.0,ML про + Алгоритмы про,0.16480446927374304,False
b1dfbfbbca1a,182,2026-09-02 10:14:11,2026-09-02,10,1,8950.0,Backend про,0.0,False
e49f31efa4f6,244,2026-09-02 10:24:40,2026-09-02,10,1,8950.0,Алгоритмы старт,0.0,False
80fce9a36763,50,2026-09-02 10:32:55,2026-09-02,10,1,8950.0,Алгоритмы старт,0.0,False
32c1740fb284,541,2026-09-02 10:48:17,2026-09-02,10,2,14950.0,Алгоритмы старт + Аналитика старт,0.16480446927374304,False
78119ffc1152,523,2026-09-02 11:00:48,2026-09-02,11,1,8450.0,Backend про,0.05586592178770955,False
661e60804187,266,2026-09-02 11:33:22,2026-09-02,11,1,10000.0,Мат анализ,0.0,False
9bbf1353f973,128,2026-09-02 11:55:47,2026-09-02,11,1,8945.0,Аналитика про,0.0005586592178771221,False
546dc93041a8,385,2026-09-02 14:17:34,2026-09-02,14,2,11950.0,АВ тестам + Аналитика старт,0.30147153607072485,False
2ab900aae405,355,2026-09-02 14:30:26,2026-09-02,14,1,8450.0,Backend про,0.05586592178770955,False
869f90a92e31,572,2026-09-02 14:54:22,2026-09-02,14,1,8945.0,Аналитика про,0.0005586592178771221,False
b11a3e83afd6,422,2026-09-02 15:30:05,2026-09-02,15,1,9450.0,Теория вероятностей,0.05025125628140703,False
9355ec07918b,493,2026-09-02 16:44:53,2026-09-02,16,1,9950.0,Линейная алгебра,0.0,False
f1644e15b7ca,264,2026-09-02 18:37:57,2026-09-02,18,2,8450.0,Backend про + Алгоритмы,0.5516549226579827,False
e2332e3a40bf,6,2026-09-02 19:16:28,2026-09-02,19,1,8450.0,Аналитика про,0.05586592178770955,False
7d59fd239db0,404,2026-09-02 19:30:00,2026-09-02,19,1,7475.0,Алгоритмы про,0.16480446927374304,False
a3780a28950d,35,2026-09-02 22:38:59,2026-09-02,22,1,4225.0,Backend про,0.5279329608938548,False
ce84d534b815,450,2026-09-03 06:06:37,2026-09-03,6,1,8950.0,Backend про,0.0,False
964c9e77f953,504,2026-09-03 06:27:49,2026-09-03,6,1,5975.0,Аналитика старт,0.33240223463687146,False
8e7655cdbc93,273,2026-09-03 08:17:51,2026-09-03,8,1,8950.0,ML про,0.0,False
193336f2760d,508,2026-09-03 08:29:32,2026-09-03,8,1,5750.0,Backend про,0.35754189944134074,True
4f9aa573a827,395,2026-09-03 11:18:32,2026-09-03,11,1,8950.0,ML про,0.0,False
b3023e727f15,271,2026-09-03 12:55:50,2026-09-03,12,2,14950.0,ML про + Алгоритмы про,0.16480446927374304,False
cb811bc4b714,9,2026-09-03 14:55:45,2026-09-03,14,1,8950.0,Аналитика про,0.0,False
21716bc423f8,205,2026-09-03 15:01:50,2026-09-03,15,1,8950.0,Аналитика про,0.0,False
4c95c0bf5f1e,230,2026-09-03 15:07:18,2026-09-03,15,1,8950.0,Аналитика про,0.0,False
b4cd11ad5031,330,2026-09-03 15:10:16,2026-09-03,15,2,14950.0,Аналитика про + Аналитика старт,0.16480446927374304,False
85eaba9c6b93,376,2026-09-03 15:43:04,2026-09-03,15,1,6950.0,К ВУЗу,0.0,False
8382d09e2908,352,2026-09-03 16:22:06,2026-09-03,16,1,8450.0,Алгоритмы про,0.05586592178770955,False
245194275739,345,2026-09-03 16:33:15,2026-09-03,16,1,8950.0,Аналитика про,0.0,False
5173a53b0ced,252,2026-09-03 16:36:15,2026-09-03,16,1,8950.0,Backend про,0.0,False
0c9d59c86a7e,318,2026-09-03 17:23:38,2026-09-03,17,1,8450.0,Аналитика про,0.05586592178770955,False
b02d068d383e,402,2026-09-03 17:30:08,2026-09-03,17,1,8450.0,ML про,0.05586592178770955,True
fb82fd1ed8c8,594,2026-09-03 18:16:38,2026-09-03,18,1,5000.0,AI агенты,0.44134078212290506,False
68ccc38f78a4,561,2026-09-03 18:55:28,2026-09-03,18,1,18900.0,Теория вероятностей,0.0,False
f562632929c1,409,2026-09-03 21:58:56,2026-09-03,21,1,5000.0,AI агенты,0.44134078212290506,False
c65391e0ea77,3,2026-09-03 22:47:02,2026-09-03,22,1,5975.0,АВ тестам,0.27054083750457825,False
520217e0fd63,601,2026-09-04 04:51:49,2026-09-04,4,3,22425.0,AI агенты + ML про + ML старт,0.16480446927374304,False
fac67cd3817a,363,2026-09-04 06:28:52,2026-09-04,6,1,8945.0,Backend про,0.0005586592178771221,False
aa77da161b6d,124,2026-09-04 06:34:32,2026-09-04,6,1,9950.0,Линейная алгебра,0.0,False
26aa84041de4,490,2026-09-04 10:01:44,2026-09-04,10,1,8450.0,AI агенты,0.05586592178770955,False
b46d06bd796f,326,2026-09-04 10:55:46,2026-09-04,10,2,14950.0,Аналитика про + Аналитика старт,0.16480446927374304,False
696a03f9b5c4,590,2026-09-04 11:04:11,2026-09-04,11,1,8945.0,Backend про,0.0005586592178771221,False
e5ef1670c1f8,379,2026-09-04 11:44:55,2026-09-04,11,1,7475.0,Аналитика про,0.16480446927374304,False
2706a99c50bb,317,2026-09-04 13:16:14,2026-09-04,13,1,8950.0,Аналитика про,0.0,False
ff6e6e9537bc,354,2026-09-04 13:47:25,2026-09-04,13,1,8245.0,Дискретка,0.0,False
50fd856241f0,383,2026-09-04 14:11:02,2026-09-04,14,1,8950.0,Аналитика про,0.0,False
55ea94f8690c,375,2026-09-04 14:19:28,2026-09-04,14,1,7000.0,Алгоритмы про,0.2178770949720671,False
14a4122f3a90,582,2026-09-04 15:03:52,2026-09-04,15,1,8950.0,Аналитика старт,0.0,False
950fa0af99a5,378,2026-09-04 15:08:47,2026-09-04,15,1,8950.0,Аналитика про,0.0,False
edcb62da5926,28,2026-09-04 15:15:34,2026-09-04,15,2,14950.0,Аналитика про + Аналитика старт,0.16480446927374304,False
7c6b4cde5d4e,302,2026-09-04 15:20:47,2026-09-04,15,1,7475.0,Аналитика про,0.16480446927374304,False
4c4e386285c4,303,2026-09-04 15:21:52,2026-09-04,15,2,14950.0,ML про + ML старт,0.16480446927374304,False
7572d4083aac,15,2026-09-04 15:26:00,2026-09-04,15,1,8450.0,Аналитика про,0.05586592178770955,False
6804d414b20b,197,2026-09-04 15:39:31,2026-09-04,15,2,14950.0,AI агенты + Backend про,0.16480446927374304,False
df0a480ca9fc,574,2026-09-04 16:29:01,2026-09-04,16,1,7475.0,ML про,0.16480446927374304,False
4ca54c49fd41,198,2026-09-04 16:44:57,2026-09-04,16,1,7475.0,Аналитика старт,0.16480446927374304,False
c37011bfafb4,576,2026-09-04 17:26:34,2026-09-04,17,1,7475.0,ML старт,0.16480446927374304,False
d38dbb7be9bc,471,2026-09-04 18:12:51,2026-09-04,18,1,9950.0,Линейная алгебра,0.0,False
c08e49633300,428,2026-09-04 18:33:44,2026-09-04,18,2,17900.0,ML про + ML старт,0.0,False
475cd3886768,94,2026-09-04 18:49:47,2026-09-04,18,1,8950.0,Backend про,0.0,False
e17b8721770d,1,2026-09-04 19:30:57,2026-09-04,19,1,8950.0,Аналитика старт,0.0,False
c5c39e83da73,384,2026-09-04 20:38:50,2026-09-04,20,1,8450.0,Аналитика про,0.05586592178770955,False
71532a16f127,43,2026-09-05 07:16:30,2026-09-05,7,2,12950.0,АВ тестам + Аналитика старт,0.24301727130676876,False
b3212d1c6eff,309,2026-09-05 09:55:40,2026-09-05,9,1,8950.0,ML про,0.0,False
5384b3973d67,502,2026-09-05 10:11:25,2026-09-05,10,1,8450.0,ML про,0.05586592178770955,False
f9775e676608,591,2026-09-05 10:13:46,2026-09-05,10,1,8450.0,AI агенты,0.05586592178770955,False
c311d5ab804e,394,2026-09-05 10:17:43,2026-09-05,10,1,8950.0,Алгоритмы про,0.0,False
9c5a653cd015,155,2026-09-05 10:20:56,2026-09-05,10,2,14950.0,Backend про + Backend старт,0.16480446927374304,False
3033241690b4,533,2026-09-05 10:24:14,2026-09-05,10,1,8450.0,AI агенты,0.05586592178770955,False
bcbd35bd5588,510,2026-09-05 10:34:42,2026-09-05,10,1,8950.0,AI агенты,0.0,False
056b658e9988,328,2026-09-05 10:58:26,2026-09-05,10,2,14950.0,ML про + Аналитика про,0.16480446927374304,False
0f14a16ed90e,31,2026-09-05 11:00:21,2026-09-05,11,1,7475.0,ML про,0.16480446927374304,False
a9365a88c644,397,2026-09-05 11:02:15,2026-09-05,11,1,8950.0,Аналитика старт,0.0,False
a2bad28e0686,487,2026-09-05 11:02:17,2026-09-05,11,2,14950.0,ML про + ML старт,0.16480446927374304,False
a681b9056504,515,2026-09-05 12:09:36,2026-09-05,12,1,8450.0,Аналитика про,0.05586592178770955,False
7d5476698b54,155,2026-09-05 12:13:44,2026-09-05,12,1,7000.0,Алгоритмы старт,0.2178770949720671,True
648acd0ccb9b,117,2026-09-05 12:34:35,2026-09-05,12,1,8450.0,Аналитика про,0.05586592178770955,False
c577c539c87f,517,2026-09-05 12:48:03,2026-09-05,12,1,8950.0,Аналитика про,0.0,False
7dfbb0110e88,238,2026-09-05 13:28:56,2026-09-05,13,1,8950.0,Backend про,0.0,False
236e91fd2751,406,2026-09-05 13:55:08,2026-09-05,13,1,8450.0,ML про,0.05586592178770955,False
bd1c2d7a69c8,270,2026-09-05 14:08:51,2026-09-05,14,1,8950.0,Аналитика про,0.0,False
ae048155f9bd,48,2026-09-05 14:24:29,2026-09-05,14,1,8950.0,Backend про,0.0,False
68e72375f1bf,405,2026-09-05 14:29:26,2026-09-05,14,1,8950.0,Backend старт,0.0,False
c8ef52b4a2ca,18,2026-09-05 14:29:29,2026-09-05,14,1,8950.0,Алгоритмы про,0.0,False
0ad1dd24af20,362,2026-09-05 14:52:23,2026-09-05,14,1,8450.0,ML про,0.05586592178770955,False
21711381e306,250,2026-09-05 14:54:24,2026-09-05,14,2,14950.0,Backend про + Backend старт,0.16480446927374304,False
69f54e969788,540,2026-09-05 14:57:41,2026-09-05,14,1,8950.0,Аналитика про,0.0,False
faca444af191,461,2026-09-05 15:01:05,2026-09-05,15,2,14950.0,Аналитика про + Аналитика старт,0.16480446927374304,False
f6e52ab1d54a,556,2026-09-05 15:17:14,2026-09-05,15,1,7475.0,Аналитика про,0.16480446927374304,False
f620783dcf21,431,2026-09-05 15:28:29,2026-09-05,15,1,8950.0,Алгоритмы старт,0.0,False
10add9e0feaf,169,2026-09-05 15:47:16,2026-09-05,15,1,8950.0,Аналитика про,0.0,False
546d23e744b2,245,2026-09-05 15:54:58,2026-09-05,15,1,8950.0,Backend про,0.0,False
3616ec5e7b54,2,2026-09-05 16:22:48,2026-09-05,16,1,8950.0,ML про,0.0,False
34bda6caa578,414,2026-09-05 16:25:16,2026-09-05,16,1,8950.0,ML про,0.0,False
cacb4ddb0873,596,2026-09-05 16:26:36,2026-09-05,16,1,8950.0,ML про,0.0,False
4d9eb7ce4a9f,67,2026-09-05 17:04:40,2026-09-05,17,1,8950.0,ML про,0.0,True
39b1b4d4bc1d,210,2026-09-05 17:12:38,2026-09-05,17,1,7475.0,Аналитика старт,0.16480446927374304,False
59e008f700f9,127,2026-09-05 17:27:41,2026-09-05,17,1,8950.0,ML про,0.0,False
0ee2f83969bf,602,2026-09-05 17:42:39,2026-09-05,17,1,8450.0,Backend про,0.05586592178770955,False
b51bf39311a0,109,2026-09-05 17:57:36,2026-09-05,17,1,8950.0,ML про,0.0,False
f817b43e14a6,398,2026-09-05 18:06:36,2026-09-05,18,1,8950.0,ML про,0.0,False
4983c133cfee,350,2026-09-05 18:12:55,2026-09-05,18,1,8450.0,Аналитика про,0.05586592178770955,False
1f43b4a33135,24,2026-09-05 18:23:21,2026-09-05,18,1,8950.0,ML про,0.0,False
6dec961e3b77,553,2026-09-05 18:27:14,2026-09-05,18,1,8950.0,ML про,0.0,False
3e16e436c50f,174,2026-09-05 18:41:16,2026-09-05,18,2,14950.0,ML про + Алгоритмы про,0.16480446927374304,False
961b7763af47,494,2026-09-05 19:15:54,2026-09-05,19,1,8959.0,Алгоритмы про,0.0,False
bedcd9ed8885,377,2026-09-05 19:24:12,2026-09-05,19,2,14950.0,Аналитика про + Аналитика старт,0.16480446927374304,False
a40fe70da24b,60,2026-09-05 19:44:33,2026-09-05,19,1,8950.0,ML про,0.0,False
9a29b9f4f179,545,2026-09-05 19:45:17,2026-09-05,19,1,8950.0,ML про,0.0,False
de573582f412,147,2026-09-05 19:46:01,2026-09-05,19,2,14950.0,ML про + ML старт,0.16480446927374304,False
936f46b1fb24,416,2026-09-05 21:19:33,2026-09-05,21,2,13950.0,Backend про + ML про,0.22067039106145248,False
ee4e84c593d5,188,2026-09-06 01:03:43,2026-09-06,1,1,6975.0,Backend про,0.22067039106145248,False
55432bed05a2,569,2026-09-06 08:00:03,2026-09-06,8,1,8950.0,Backend про,0.0,False
e555c329d284,74,2026-09-06 10:34:28,2026-09-06,10,1,8450.0,AI агенты,0.05586592178770955,False
58e0fd1bda0a,20,2026-09-06 11:07:00,2026-09-06,11,2,14950.0,Аналитика про + Аналитика старт,0.16480446927374304,False
cc51837bcbc2,151,2026-09-06 11:31:11,2026-09-06,11,1,7475.0,Аналитика про,0.16480446927374304,False
cb60c6f5bb2e,42,2026-09-06 11:42:46,2026-09-06,11,1,8450.0,ML про,0.05586592178770955,False
e54ccd0c210c,193,2026-09-06 11:49:34,2026-09-06,11,1,8450.0,AI агенты,0.05586592178770955,False
37d8f504691f,105,2026-09-06 11:55:22,2026-09-06,11,1,8950.0,Аналитика про,0.0,False
51fa63ae27cb,275,2026-09-06 11:58:58,2026-09-06,11,2,13950.0,AI агенты + ML про,0.22067039106145248,True
8630a5628f85,56,2026-09-06 12:12:33,2026-09-06,12,1,7475.0,Backend старт,0.16480446927374304,False
1af8b91bd2fe,44,2026-09-06 12:29:18,2026-09-06,12,1,6975.0,AI агенты,0.22067039106145248,False
47aa968fd77b,327,2026-09-06 12:45:38,2026-09-06,12,1,8950.0,AI агенты,0.0,False
529870d6b3ce,292,2026-09-06 12:59:39,2026-09-06,12,1,6975.0,ML про,0.22067039106145248,False
f1d37ab8c619,150,2026-09-06 13:11:45,2026-09-06,13,1,8950.0,Backend про,0.0,False
7e07b1534ae8,59,2026-09-06 13:32:21,2026-09-06,13,1,8950.0,ML про,0.0,False
6dc2360585b5,154,2026-09-06 13:40:03,2026-09-06,13,1,8950.0,Алгоритмы про,0.0,False
b10e9962fe7c,472,2026-09-06 13:45:12,2026-09-06,13,1,8950.0,ML про,0.0,False
881f4dcc7f5c,601,2026-09-06 14:28:33,2026-09-06,14,2,13950.0,Аналитика про + Аналитика старт,0.22067039106145248,True
e00734985028,22,2026-09-06 14:41:56,2026-09-06,14,1,8450.0,ML про,0.05586592178770955,False
78bc06790649,344,2026-09-06 14:48:52,2026-09-06,14,1,8950.0,AI агенты,0.0,False
e5d085419067,49,2026-09-06 14:51:02,2026-09-06,14,2,14950.0,AI агенты + Backend про,0.16480446927374304,False
1fd1847ebd18,113,2026-09-06 15:14:57,2026-09-06,15,1,8950.0,Аналитика про,0.0,False
5d0754d19d50,366,2026-09-06 15:18:37,2026-09-06,15,4,8950.0,AI агенты + ML про + ML старт + Алгоритмы старт,0.75,False
4ae8942a5a54,434,2026-09-06 15:23:19,2026-09-06,15,1,8450.0,Backend про,0.05586592178770955,False
bf1943987991,55,2026-09-06 15:35:13,2026-09-06,15,1,2237.5,AI агенты,0.75,False
f4b1218f838f,23,2026-09-06 15:39:44,2026-09-06,15,1,2237.5,ML старт,0.75,False
e53bf12f45f6,51,2026-09-06 15:46:24,2026-09-06,15,1,2237.5,ML про,0.75,False
8cfcf2a684ce,261,2026-09-06 16:06:04,2026-09-06,16,1,8950.0,AI агенты,0.0,False
1cae9d6f3102,306,2026-09-06 16:18:59,2026-09-06,16,1,8950.0,ML старт,0.0,False
3fa8df670a54,180,2026-09-06 16:23:30,2026-09-06,16,1,2237.5,Алгоритмы старт,0.75,False
e79954d3ad2e,10,2026-09-06 16:25:37,2026-09-06,16,1,8450.0,Backend про,0.05586592178770955,False
de8ac2d44f84,310,2026-09-06 16:38:02,2026-09-06,16,2,14950.0,AI агенты + ML про,0.16480446927374304,False
b243d4b6d13b,528,2026-09-06 16:54:20,2026-09-06,16,1,8950.0,ML про,0.0,False
6f82dde64365,97,2026-09-06 17:27:55,2026-09-06,17,1,8950.0,Backend про,0.0,False
13d237b5c259,449,2026-09-06 17:28:24,2026-09-06,17,1,8950.0,Алгоритмы старт,0.0,False
4d079fde318f,278,2026-09-06 17:31:06,2026-09-06,17,2,14950.0,Аналитика про + Аналитика старт,0.16480446927374304,False
241fa44ea7fc,300,2026-09-06 17:58:00,2026-09-06,17,1,6950.0,Data Science,0.0,False
e40108b19785,251,2026-09-06 18:05:45,2026-09-06,18,1,9950.0,Мат анализ,0.0,False
94bd8b7c2af9,347,2026-09-06 18:35:08,2026-09-06,18,1,7475.0,Аналитика про,0.16480446927374304,False
43ce5ba51ed6,359,2026-09-06 18:40:33,2026-09-06,18,1,7475.0,Аналитика старт,0.16480446927374304,False
173861f846fb,399,2026-09-06 19:02:33,2026-09-06,19,1,8950.0,ML про,0.0,False
becd53bb1afa,530,2026-09-06 19:09:38,2026-09-06,19,1,8950.0,Аналитика про,0.0,False
9af733710a9e,396,2026-09-06 19:15:37,2026-09-06,19,1,9950.0,Мат анализ,0.0,False
03c689702a90,604,2026-09-06 19:17:57,2026-09-06,19,1,8950.0,Аналитика старт,0.0,False
20f2a647f99f,593,2026-09-06 19:53:15,2026-09-06,19,1,9950.0,Мат анализ,0.0,False
1c0006904bbf,454,2026-09-07 04:33:26,2026-09-07,4,1,8950.0,ML про,0.0,False
f25c687e6f2e,63,2026-09-07 05:24:57,2026-09-07,5,1,8950.0,Алгоритмы про,0.0,True
2c3e2a6a9f5c,228,2026-09-07 07:42:35,2026-09-07,7,1,8950.0,AI агенты,0.0,True
21224e6af61c,13,2026-09-07 07:54:24,2026-09-07,7,1,8950.0,AI агенты,0.0,False
95da93eee837,465,2026-09-07 08:21:23,2026-09-07,8,1,4225.0,Алгоритмы,0.5753768844221105,False
6c9de7ee2fba,125,2026-09-07 08:46:37,2026-09-07,8,1,8950.0,ML про,0.0,False
0bc12978a74f,491,2026-09-07 09:04:54,2026-09-07,9,1,8950.0,Аналитика про,0.0,False
8114344b2b2c,100,2026-09-07 09:30:42,2026-09-07,9,1,8950.0,Backend старт,0.0,False
d4c81c018392,110,2026-09-07 10:27:06,2026-09-07,10,1,8950.0,AI агенты,0.0,False
7a2323bb9b96,119,2026-09-07 11:34:36,2026-09-07,11,1,8950.0,Алгоритмы про,0.0,False
73608b947132,102,2026-09-07 12:59:48,2026-09-07,12,2,12950.0,AI агенты + ML про,0.276536312849162,False
05d7c75600f6,204,2026-09-07 13:39:13,2026-09-07,13,1,8950.0,ML про,0.0,False
a29f1096fcbc,214,2026-09-07 14:02:50,2026-09-07,14,1,8950.0,AI агенты,0.0,False
b1c9fbe53416,254,2026-09-07 14:53:39,2026-09-07,14,2,14950.0,Алгоритмы про + Алгоритмы старт,0.16480446927374304,False
e5dd256d9238,246,2026-09-07 16:45:55,2026-09-07,16,1,9950.0,Мат анализ,0.0,False
50c7cfe51f89,509,2026-09-07 16:51:31,2026-09-07,16,1,18900.0,Теория вероятностей,0.0,False
c9d04384d675,72,2026-09-07 19:19:58,2026-09-07,19,2,13950.0,AI агенты + ML про,0.22067039106145248,False
b6e82d4da7bf,78,2026-09-08 05:10:30,2026-09-08,5,1,6950.0,Data Science,0.0,False
f78f32b80ece,548,2026-09-08 12:45:32,2026-09-08,12,2,13950.0,AI агенты + ML про,0.22067039106145248,False
2c534728442f,429,2026-09-08 13:04:06,2026-09-08,13,1,9950.0,Мат анализ,0.0,False
0cd5a813f46e,499,2026-09-08 13:24:34,2026-09-08,13,1,8950.0,Аналитика про,0.0,False
298931771c6e,68,2026-09-08 17:53:12,2026-09-08,17,2,15000.0,Алгоритмы про + Алгоритмы старт,0.16201117318435754,False
5ac38ca1aca2,456,2026-09-08 17:57:42,2026-09-08,17,1,9950.0,Мат анализ,0.0,False
a29f44a5b469,190,2026-09-09 02:52:43,2026-09-09,2,1,9950.0,Мат анализ,0.0,False
4243bc8394d0,108,2026-09-09 04:53:08,2026-09-09,4,1,6975.0,AI агенты,0.22067039106145248,False
a3a96a0c8de6,80,2026-09-09 04:53:08,2026-09-09,4,1,6975.0,ML про,0.22067039106145248,False
64e40b0854c2,358,2026-09-09 06:30:33,2026-09-09,6,1,8450.0,Аналитика про,0.05586592178770955,False
3e5b8df8c478,224,2026-09-09 08:55:28,2026-09-09,8,1,8450.0,Аналитика про,0.05586592178770955,False
553121f1cc31,438,2026-09-09 13:24:37,2026-09-09,13,1,8950.0,Аналитика про,0.0,False
ba5f95f6652b,283,2026-09-09 13:34:09,2026-09-09,13,2,14950.0,AI агенты + ML про,0.16480446927374304,False
f08f3321f63b,381,2026-09-09 14:46:43,2026-09-09,14,1,8950.0,Аналитика старт,0.0,False
01d388b9eca4,212,2026-09-09 15:03:44,2026-09-09,15,2,14950.0,Алгоритмы про + Алгоритмы старт,0.16480446927374304,False
c459129d4cd9,567,2026-09-09 15:06:26,2026-09-09,15,2,14950.0,AI агенты + Алгоритмы про,0.16480446927374304,False
c6071d533515,337,2026-09-09 15:41:19,2026-09-09,15,1,7475.0,Алгоритмы про,0.16480446927374304,False
2f1c95088091,349,2026-09-09 16:10:16,2026-09-09,16,1,7475.0,Алгоритмы старт,0.16480446927374304,False
a3c89e5a1514,123,2026-09-09 16:23:01,2026-09-09,16,1,6450.0,Data Science,0.07194244604316546,False
15d283a3725d,444,2026-09-09 16:46:07,2026-09-09,16,2,14950.0,Алгоритмы про + Алгоритмы старт,0.16480446927374304,False
6f6c73ca78d6,36,2026-09-09 19:26:20,2026-09-09,19,5,44750.0,Алгоритмы + Дискретка + Линейная алгебра + Мат анализ + Теория вероятностей,0.10050251256281406,False
d1fa98f81530,407,2026-09-09 23:11:20,2026-09-09,23,1,8950.0,Линейная алгебра,0.10050251256281406,False
fe18ffcc4b48,196,2026-09-10 06:09:12,2026-09-10,6,1,9950.0,Линейная алгебра,0.0,False
